"GeneName","baseMean","log2FoldChange","lfcSE","stat","pvalue","padj"
"KLF10",3122.68189850703,4.72573623599458,0.0911173857544545,51.8642649464244,0,0
"NR1D1",497.139283048911,4.97839523306632,0.196531720916415,25.3312554830964,1.4460896998526e-141,1.57016419609996e-137
"AEN",825.793766701927,2.35571885340166,0.127054965713849,18.5409428129489,9.65147840688319e-77,3.49319175139792e-73
"ATF3",720.576659682708,2.16509020860817,0.125248177521668,17.2864008997944,5.9556644353082e-67,1.84761726967361e-63
"TINCR",399.680911306739,2.78867643757971,0.173337872730397,16.0880965807,3.09197989825563e-58,8.39317943381491e-55
"TCHH",733.593396275511,2.08098360586883,0.137203582626674,15.1671229426356,5.83802995315313e-52,1.26778658462673e-48
"MIR4435-2HG",435.753290896894,2.06444993302914,0.142482196512329,14.4891781819949,1.41829560013065e-47,2.36920825018748e-44
"ALOXE3",312.354989358163,2.77084870021456,0.200471940393138,13.8216285769508,1.8875070790874e-43,2.56181898309137e-40
"ECM1",1452.4424228865,1.71532181351107,0.131533242131407,13.0409756934098,7.15356887188615e-39,8.63038342343775e-36
"EDA2R",311.659979299173,2.40034029939078,0.187007333129104,12.8355410412364,1.03676149673143e-37,1.18496382436946e-34
"CDKN1A",570.232466629617,1.84637023629209,0.147360324794214,12.5296292531284,5.14024026438567e-36,5.07388443551814e-33
"HLF",199.3860884835,3.14113053085408,0.254954020866793,12.3203804363425,7.03615726688676e-35,6.64335613946578e-32
"CSRNP1",526.60072407523,1.8022329511793,0.150276739294747,11.992760553877,3.87763238156922e-33,3.2387178768522e-30
"NR1D2",869.008798215067,1.53211776858556,0.128449120468584,11.9278182909807,8.47660029930486e-33,6.57420900356087e-30
"DIO3",145.300487952768,3.03806935049524,0.258509203290237,11.7522676633075,6.87487934329385e-32,4.97649599396564e-29
"H2AJ",436.221244670635,1.72516006263171,0.147350726670848,11.7078490320945,1.16189899763987e-31,8.13928988153139e-29
"GPRC5C",576.405532640507,2.0277697841614,0.174577941486792,11.6152691851669,3.44701051854736e-31,2.20162589472866e-28
"FOSL2",518.653983994964,1.78868328511398,0.154540954019372,11.5741700733242,5.57077280866276e-31,3.45642578036916e-28
"EGR1",825.43966765253,1.52248325720065,0.134294167992158,11.3369275819152,8.61149480801424e-30,5.0542492229956e-27
"GADD45B",97.6656055313524,3.66450626021613,0.338343280888936,10.8307345444789,2.46172558358078e-27,1.21497347211455e-24
"CHST3",149.343305447484,2.77424132086357,0.256284642138039,10.8248441955774,2.6252525829335e-27,1.26688855757742e-24
"MYH8",112.997670627651,3.20907803936665,0.30021031425179,10.6894329975457,1.14066166793015e-26,5.16054349599397e-24
"CIART",267.000017508071,1.88514104712256,0.176869295460644,10.6583850080527,1.59340261632531e-26,6.92046624322407e-24
"CDH20",396.180754353774,-1.60706502168073,0.163775145873221,-9.81263068405245,9.93442646243881e-23,3.65654245861561e-20
"CDC42EP1",87.0998513839293,4.05843804928153,0.418081074494514,9.70729912658313,2.8067581026343e-22,9.523681087001e-20
"IQGAP2",343.495655942925,1.51902117165888,0.162411675502654,9.35290623015622,8.52718292950181e-21,2.46901739329415e-18
"AOC3",200.279470719851,2.60633938810539,0.281619588197353,9.25482280827326,2.14586030221824e-20,5.97429516961172e-18
"FAM83G",296.016414134328,1.80181537874451,0.195547256282025,9.21421968787877,3.13550506475649e-20,8.61906683370278e-18
"LRRN4CL",75.0252086173906,3.56314375125518,0.390870586617176,9.11591681045312,7.80080842548066e-20,2.01669471152069e-17
"NPR3",193.849023628424,1.8584848088069,0.206274625763594,9.00975969258023,2.06508496528154e-19,5.15464196621308e-17
"FOSB",61.7200412858419,5.67043127175345,0.634632934082004,8.934977949034,4.07259425588199e-19,9.82671742897036e-17
"GBP2",146.876092680076,2.15812658664735,0.244471249862243,8.82773163659706,1.06819983854633e-18,2.44179238882865e-16
"IQCN",304.583917660587,1.60456579498493,0.182356153168191,8.79907679070752,1.37946270121984e-18,3.02590020400909e-16
"BHLHE40",149.264790409754,2.15941610136935,0.245814182844107,8.78474983170046,1.56712910584778e-18,3.40317756625904e-16
"H4C8",132.454380343209,2.19561525404189,0.253386513637722,8.66508332476232,4.51182888894879e-18,9.33132153832495e-16
"GULP1",160.160920571847,2.15991403204737,0.254620692935276,8.48286919318224,2.19707614375185e-17,4.00938701997607e-15
"DIO3OS",59.4703782105372,4.06565922286007,0.480133172208493,8.46777406393115,2.50126884695402e-17,4.48905407276475e-15
"IL6R",74.3992168975892,3.21461837615976,0.387307391949784,8.29991485568276,1.04186035608445e-16,1.74038765328691e-14
"GPR35",173.225102771672,2.11705884141676,0.25825715607116,8.19748375465509,2.45470968935947e-16,3.86278808798045e-14
"JDP2",232.087674252987,-1.71092976031827,0.209171819896167,-8.17954235502458,2.84923910910873e-16,4.4513724095975e-14
"NPFFR2",73.1440439927931,2.93644409198734,0.359120950971541,8.17675516853941,2.91589647349793e-16,4.52297198703436e-14
"BHLHE41",263.568921981829,1.54249987269124,0.189319646229606,8.14759536799738,3.71232098718944e-16,5.59838628873652e-14
"KBTBD12",49.0589927514287,4.29173305266575,0.530086826360367,8.09628317333077,5.66638361273834e-16,8.31426936042066e-14
"CFAP53",106.165805265366,2.38947938508685,0.296528760575217,8.05817075028963,7.74445917916804e-16,1.12871594318667e-13
"TBX2",77.131902458111,2.87438182025236,0.35818145173858,8.02493207367487,1.01582136011675e-15,1.45128793791417e-13
"TNXB",163.44971038771,1.82052601506877,0.22783593676448,7.99051300212878,1.34378392769856e-15,1.88268463057432e-13
"ZNF467",273.865766772664,-1.51779478689741,0.192142298665518,-7.89932668360333,2.80414050175807e-15,3.78228044324089e-13
"GPNMB",139.407061598726,2.12668250102133,0.272493243308033,7.8045329682442,5.97222931817601e-15,7.62899599255943e-13
"PIWIL2",125.764672826299,2.18445549562569,0.285528501612965,7.65056897397487,2.00091976912687e-14,2.44112211833478e-12
"ESRRB",177.53570407999,1.51429972928888,0.207058648110948,7.31338557024418,2.6049414991134e-13,2.80044106904686e-11
"H4C5",58.817668054119,2.85384272169812,0.392607456196408,7.26894682374661,3.62300975841696e-13,3.85672940753837e-11
"SPHK1",70.4067572310166,2.51174381275218,0.348216269885093,7.21317189912185,5.46633359663656e-13,5.7346328688193e-11
"F2RL2",161.945152128871,1.56344286843475,0.220277932482081,7.09759189591966,1.26949393549337e-12,1.24743576032462e-10
"PSMC1P7",38.0916003500241,4.62303379896536,0.667169215458629,6.9293272109196,4.22846741987e-12,3.81018250995423e-10
"WWTR1",45.3185054362163,3.19462744872875,0.463947640590797,6.88574996234632,5.74838808288374e-12,5.09518349420013e-10
"MFGE8",95.368362721555,2.20171918134491,0.320701373380754,6.86532507838971,6.63400086276353e-12,5.78570131468967e-10
"SBSN",52.7729753587785,3.31197171430816,0.486504730504736,6.80768655809797,9.91806551995605e-12,8.38057240588971e-10
"GABRR2",48.6756606133934,3.52490965060215,0.527257249598722,6.68536971902205,2.30342362093703e-11,1.83227645979006e-09
"CASS4",35.4284700360464,4.01619153379623,0.602419679484429,6.66676682480462,2.61500053468084e-11,2.05568179675457e-09
"IGFN1",167.567554079765,1.56845955641517,0.237213558669397,6.61201478200965,3.79124131335501e-11,2.89896466059216e-09
"NEURL3",31.9982227748914,4.9011000143584,0.749770026271302,6.53680441018984,6.28471496870107e-11,4.54929567534375e-09
"MIF-AS1",107.554827828528,1.79428260538043,0.276311580320422,6.49369311014657,8.37572827543719e-11,5.92466824851446e-09
"TPTE2",32.4027548255652,4.70294362103926,0.729249055809987,6.4490225713294,1.12573798375479e-10,7.73624242253766e-09
"GCSAML",57.5848997644148,-2.42019709426313,0.380099235704439,-6.36727692908347,1.9241358994377e-10,1.25103398779009e-08
"ADIRF-AS1",58.5742764263275,2.44537558936458,0.387138405697464,6.31654094085296,2.67482611234357e-10,1.67880126750442e-08
"CHST9",85.2643526163906,-2.09268612838569,0.33755284547597,-6.19958076619047,5.66137593455925e-10,3.3247236680676e-08
"NUTM2F",80.8748897673977,2.17894276480306,0.351471395641343,6.19948818545264,5.66470693122587e-10,3.3247236680676e-08
"GUSBP16",37.0580522380978,-3.47500653021206,0.588067530563672,-5.90919639260004,3.43780650850927e-09,1.75659779150088e-07
"SPATA18",104.137517475696,1.67547602535657,0.285892349275805,5.86051368496121,4.61437506431383e-09,2.27740383855998e-07
"ODAPH",79.6629966069311,2.01563820586606,0.346088396164995,5.82405601632802,5.74363107533756e-09,2.77792188044611e-07
"MGC16275",31.849355115839,3.31450661988803,0.56914623193585,5.82364677811241,5.75772007472116e-09,2.77854775872544e-07
"FOXS1",35.2882831502384,3.5803105951485,0.61709689786144,5.80186127584846,6.55828113425693e-09,3.12323756823517e-07
"ANKFN1",120.305470853653,-1.5554487086389,0.268476131114498,-5.79362009643808,6.88851850772773e-09,3.27332752546642e-07
"GABRD",119.148352535911,-1.55481462807405,0.269851294013142,-5.7617460526179,8.32481894985696e-09,3.88272788724935e-07
"LTA",24.4443076040571,4.49920765140866,0.78440458272975,5.735825300448,9.70386464180576e-09,4.4085590912438e-07
"NPC1L1",29.6633787407629,6.42068199431638,1.12206327303563,5.7222102787001,1.05147052987989e-08,4.73728921719328e-07
"NAT2",25.8865379504578,4.65850565751092,0.823403390401131,5.65762263286465,1.53484144308106e-08,6.692894935331e-07
"LPAR5",36.6039225172409,3.09119011577707,0.559152261721396,5.52835126922422,3.23254308058276e-08,1.31211038388664e-06
"TMEM63A",32.2654867972111,2.8662953540997,0.523399807610026,5.47630188705633,4.34306507160333e-08,1.71772054839627e-06
"KLRK1-AS1",15.2510724196411,7.34246237022268,1.34436471762591,5.46165952881386,4.71704092034785e-08,1.84568037164457e-06
"EDNRA",62.1015550829679,-2.049761997524,0.379964985552457,-5.39460759665449,6.86734655791679e-08,2.57122927330553e-06
"MGAM2",21.311399684465,4.90959014009549,0.92065177064655,5.33273306654003,9.67454762576157e-08,3.53096598724434e-06
"SPACA4",40.4433249738019,2.55928576035607,0.485108437235193,5.27569830560433,1.32251509727385e-07,4.6081466219415e-06
"EPHA1-AS1",25.1649623434078,3.83052547062419,0.728839020670287,5.25565366560834,1.47499635510553e-07,5.07623151306999e-06
"SFRP4",13.6811133507028,7.18686663863595,1.37264481651216,5.23578026316926,1.64289318362918e-07,5.53132843033974e-06
"LINC01559",62.5577762055504,2.19456393495707,0.419522887633739,5.23109465453769,1.68509192682385e-07,5.66462171562023e-06
"MMP1",42.8400413697589,2.79400897881757,0.537048953900396,5.20252196475884,1.96602114349478e-07,6.4492621075729e-06
"PEG3",18.7329749843912,4.74461440810794,0.921612926296109,5.1481639121276,2.63048585228288e-07,8.33921617053649e-06
"GAD1",45.0715019792217,2.2734224919552,0.441626450364476,5.14784042051589,2.63502509030805e-07,8.34142928004803e-06
"LHX8",47.4993124812498,2.31736444822557,0.451509525877115,5.13248185345325,2.85946304848103e-07,8.94756477821527e-06
"SIGLEC1",23.165524289259,6.09259655413425,1.19503479585912,5.09825870781798,3.42792121949988e-07,1.05440137680821e-05
"SERPINB3",22.1881898524367,3.93535147091205,0.772344746250357,5.09533014889753,3.48134024512047e-07,1.06931803059457e-05
"DCAF4L1",61.125749819729,1.82888643237441,0.360701646983645,5.07035786409186,3.97068365807507e-07,1.20093824956488e-05
"SERPINF2",29.2874194357006,2.80171387280083,0.557234523252138,5.02788997431359,4.95906258161254e-07,1.46319297584644e-05
"FZD10-AS1",11.9370128651103,6.98981942656636,1.39548363677268,5.00888669875891,5.47457880562593e-07,1.59151209294475e-05
"MPEG1",35.2405186013971,2.50797451832356,0.501081480883949,5.00512314663734,5.58263296537916e-07,1.61658814197629e-05
"BCL2L10",42.0401270639324,2.31954899823417,0.46561169117814,4.98172413232365,6.30202345730393e-07,1.81024790210069e-05
"TULP2",20.7987936514652,3.89432980958743,0.789582345069865,4.93213891357063,8.13340391763605e-07,2.27609535406423e-05
"EGR2",11.7603562391979,6.96673562336428,1.42373277221069,4.89328879642684,9.91647246517927e-07,2.71558784431063e-05
"CHEK2P2",46.5116467714131,2.25435551701985,0.4615051409793,4.88478960870549,1.03539352615158e-06,2.80356680971418e-05
"TCF24",10.8552212485724,6.85214360839568,1.40666495326594,4.87119807206873,1.1092356971037e-06,2.97752316419086e-05
"TDH",45.7228313751953,2.03983089549572,0.419595031635776,4.86142766644189,1.16542165857181e-06,3.08261836023697e-05
"H1-2",37.755616560011,2.5639064296544,0.528166532950221,4.85435231068691,1.20780843761012e-06,3.17539564541662e-05
"DLX6-AS1",10.6605967863691,6.82650220250126,1.40727098535153,4.85087966252359,1.22915107955221e-06,3.21793795157162e-05
"MYH2",10.4778763443718,6.80185919110145,1.41189023544258,4.81755523223752,1.45327869860573e-06,3.7304255577922e-05
"MECOM",44.5353668000807,-2.17931582095262,0.45834826241278,-4.75471600891545,1.98725564509235e-06,4.89843854583718e-05
"COL3A1",16.6917684588549,-5.66969330094828,1.19285773142151,-4.75303395501471,2.00386678727787e-06,4.92262117110025e-05
"H1-3",10.8085829598746,6.84827416769166,1.46084753822235,4.68787740575931,2.76053296758521e-06,6.45950380632411e-05
"PROM1",75.7374734742594,-1.61565571100371,0.346238874656741,-4.6663036107816,3.0666647172259e-06,7.10733094976283e-05
"FUT7",60.5738333942639,1.77207386835717,0.382279093361062,4.63555004480313,3.55989581965467e-06,8.08647464640385e-05
"BCAN-AS1",15.1844721694504,4.84094144234661,1.05466339133908,4.59003458553744,4.4317257170956e-06,9.70154795085162e-05
"TAF4B",77.7190351858608,1.62909091590943,0.35710493017383,4.56193902200237,5.06833683363489e-06,0.000108866471492795
"SLC44A3P1",8.91794150807922,-6.64627523318533,1.4717959324222,-4.51575866380284,6.30904836058341e-06,0.000131864575744398
"PKD1L1",36.5392165423135,2.39110770092876,0.531358147788743,4.49999253964468,6.79558474223945e-06,0.000140679617028095
"LGR5",18.1213477900604,3.28142565979109,0.73050366053072,4.49200440338259,7.05559644378467e-06,0.000144956795055088
"NFATC1",15.8928788689225,4.44696177236229,0.993617733999346,4.47552576830841,7.62235045682826e-06,0.000155278576473248
"MGAM",14.8451142618855,4.78966753773358,1.07501504899277,4.45544231424596,8.37204056185595e-06,0.000168965829778126
"NLRP3",42.6250380871441,2.23233980957204,0.504340643883113,4.42625403414723,9.58835992559091e-06,0.000190329820972699
"CD300LG",8.21755377951779,6.45135425105626,1.47016172472425,4.3881935861623,1.1429602009867e-05,0.000223206148602761
"MYH7",80.9809802444456,1.52147594903845,0.34831186913329,4.36814270160923,1.25307611319088e-05,0.000241667858561751
"DNAH12",79.0867246858346,1.55137079455061,0.355825951008374,4.35991470030274,1.30113153145256e-05,0.00025004754280552
"FOXJ1",49.1388319232452,2.10172405835248,0.482973601484942,4.35163340582292,1.35127062240265e-05,0.00025717960417262
"PTMAP11",40.1017325971011,-1.92436335724175,0.444430978166917,-4.32994874744985,1.49144050005871e-05,0.000280416639820562
"OR5H1",8.16683691089182,6.44323710260195,1.49091150992231,4.32167641051863,1.54848173522229e-05,0.000288642312120921
"ADRA2B",7.96561865950223,6.40513628756869,1.48780182352215,4.30510044167408,1.66909988688505e-05,0.000306651211028728
"UBE2C",14.7074022986995,3.74560743752675,0.877571585840622,4.26815031156558,1.97100503667341e-05,0.000353738391540494
"GDF15",46.1783688102184,1.71749628776768,0.404978421400144,4.24095753504527,2.22568246475296e-05,0.000394232629727367
"FOSL1",13.9534118074505,4.34286384949735,1.02426905189466,4.23996394449687,2.23555691944055e-05,0.000395658957315166
"LINC01847",51.7466362816093,-1.76117328982286,0.416453017257706,-4.22898434358808,2.34748679939468e-05,0.000412110132058649
"ITGB5",39.137221562863,1.9123927044705,0.453512447416055,4.21684722297392,2.4774169688777e-05,0.000430870715153948
"PTER",72.0985918880642,-1.57494079304765,0.373525341821803,-4.21642286803396,2.48208129622872e-05,0.000430870715153948
"C19orf38",32.4489770911121,2.18609394414019,0.519783091497396,4.20578118045831,2.60181881660636e-05,0.000448065800328499
"GPR62",46.3542156693684,1.685260777114,0.401333524800796,4.19915275692578,2.67915541470208e-05,0.000459561919318091
"EGR4",43.8061975617814,1.8057193201576,0.430058599950999,4.19877505150075,2.68362745430117e-05,0.000459908871548342
"LYZ",7.44092936087955,6.30756657148276,1.50672861606856,4.18626586381614,2.83581166318398e-05,0.000482999890805517
"MAP3K20",49.8733543476492,1.71056500777066,0.408977291946845,4.18254275103611,2.8826678956788e-05,0.000488680843267454
"MRPS31P2",7.40429570867519,6.30115271728598,1.50943720687255,4.1745047018826,2.9863505225543e-05,0.000503115499982849
"FMO2",12.8021450492235,4.61117186822055,1.11040274376855,4.15270215613022,3.28572272234095e-05,0.000548445462247163
"DUOX2",6.97198734939922,6.21329768431366,1.51817736295457,4.09260329914403,4.2655711814879e-05,0.000689219819770768
"ESAM",32.4734189872147,2.04595601989623,0.501500094174424,4.079672254627,4.50992407744917e-05,0.000723319876409795
"PKD1L2",17.4685664253907,3.3342170429371,0.823546395321107,4.0486086295564,5.15230190617776e-05,0.000815505744858281
"FUT3",45.7855546850325,1.8098623890457,0.447604172635977,4.04344396163083,5.26717495667989e-05,0.000831264326738812
"SGO1P1",57.1005396867855,-1.52012001775207,0.376167077140876,-4.04107671863792,5.32063472351559e-05,0.000838482609984503
"SQOR",18.7409298273542,3.13952578094643,0.778623903703426,4.03214667057313,5.52696738360528e-05,0.000865971310983926
"CATSPER3",17.6589374220139,2.82537956427541,0.701262249271651,4.02899138975458,5.60166697204086e-05,0.000875779697371053
"S100B",14.3099754265096,-3.33712072012109,0.828256571306511,-4.02909054480188,5.59930504449847e-05,0.000875779697371053
"ALDH1A2",47.9471139729034,1.58925323720119,0.396143571346126,4.01181125267486,6.02546673723277e-05,0.000932645943913131
"NCR3",6.66212574602563,6.14738519595828,1.53282542191909,4.01049272020931,6.05921687251969e-05,0.000935195121561034
"TMEM275",46.7582106662283,-1.7292215419787,0.431754943499641,-4.00509957792789,6.19913613770274e-05,0.000954754896215268
"ADRA1D",30.3392656544313,-2.03033051103252,0.507409500808945,-4.00136479075704,6.29781785744252e-05,0.0009678939320044
"FREM2",30.8351592497805,2.37647847265234,0.594863805143355,3.9949959168883,6.46953679144217e-05,0.000989383527908155
"LINC02009",51.5899614244002,1.56180857728291,0.392947552087162,3.97459805764735,7.04982127703002e-05,0.00106315221424989
"RPS20P13",12.6079366519058,3.83260156851249,0.966995539286468,3.963411838839,7.38861568171567e-05,0.00110732352066347
"CCDC73",31.197310885187,2.17197893175744,0.548861432305023,3.95724458655421,7.58192875411301e-05,0.00112928096587324
"LINC02613",6.90386226948883,6.19744364808826,1.56736981747025,3.9540404434296,7.68424118949389e-05,0.00114138838352291
"C16orf95-DT",14.0086931321504,3.409028915226,0.865608859114028,3.93830178530662,8.20603434827592e-05,0.00120979118742132
"GZMM",16.518744551243,3.16471980201449,0.804912530860992,3.93175616067161,8.43275763953329e-05,0.00123984945768521
"C1orf116",12.0007547419765,5.07492069493981,1.29365413294865,3.92293470540883,8.74768646345061e-05,0.00128267899554553
"STARD8",44.8765780220191,1.79882821329782,0.458686961681297,3.92169031076073,8.7929959542355e-05,0.0012867163082357
"SRL",11.526740538764,4.01408179321958,1.02692860843526,3.90882263893288,9.27470218170498e-05,0.00134812203867407
"LINC02019",43.8673350960078,1.73544314594708,0.447140347122804,3.8812045415138,0.000103940374337843,0.00148497971652671
"MAJIN",12.2409076370155,3.75804168329332,0.969844034853278,3.87489281599989,0.000106671641187132,0.00152000089240141
"EMSLR",46.0731982232387,1.66235347108983,0.429465461934613,3.8707500798817,0.000108500985165051,0.00153899895091068
"AMDHD1",38.3953701046241,2.14448358472519,0.557320962823383,3.84784303440024,0.000119162358574245,0.00166752361533336
"SLC7A9",19.4462144027404,2.52830612170477,0.658081508362176,3.84193460776186,0.000122068361369983,0.00170252828228038
"LINC01249",6.36480994194133,6.08437198959309,1.58459300128688,3.83970646383763,0.000123181500974057,0.00171474966355937
"OR2H5P",8.71029142610356,5.54321722644777,1.44820474874215,3.82764745887097,0.000129373878324047,0.00178720301633907
"ZIC5",6.20383015012212,6.04395946383196,1.58160730686583,3.82140335189073,0.000132694416633991,0.00182842128910136
"NLRP7",11.4606704437809,3.65053109220568,0.956746155526871,3.81556912574722,0.000135869412223013,0.00186389144398923
"RNF183",19.9902363534743,2.61063285909903,0.684670394183222,3.81297757472541,0.000137302574906934,0.00188117521557033
"GOLGA6B",25.8093751811287,2.35515448508684,0.618188695567073,3.80976634153174,0.000139098188274451,0.00190097939368658
"AKR1D1P1",6.03988733002026,6.00532404455184,1.58036093120193,3.79996994736168,0.00014471363640298,0.00196535417643973
"LINC02327",17.6879772666751,-2.64174447379782,0.69692977321211,-3.79054615735839,0.000150316394681421,0.00202623887455105
"DISC1FP1",47.6686170647961,-1.58193156657507,0.418365933321364,-3.78121505739313,0.000156064781215922,0.0020959200920748
"FSCN3",16.2563434524739,3.08534376623139,0.81834112317407,3.77024162523371,0.000163089570888847,0.00218082088757524
"GUCY2C",5.95002159993175,5.98580663687273,1.58955102690623,3.76572160034586,0.000166068756397765,0.00220977274138104
"KLKB1",21.7325614889745,2.60505640734801,0.693843167731952,3.75453204484735,0.000173665627042346,0.00229399194455693
"MUC17",6.25192000350794,6.05747431862882,1.61549603430329,3.74960643047396,0.000177112317136427,0.00233242636684939
"MYCBPAP",13.2860869721986,3.34860092681099,0.893695172556352,3.7469162077183,0.000179021853368837,0.00235186846204336
"RBMS3-AS1",10.7745975116536,3.88757284808638,1.03946548186018,3.73997301106079,0.000184040014589112,0.00240614867960094
"OR2A42",6.54660639010389,-6.2006511026927,1.65817733416234,-3.73943786044155,0.000184432231074803,0.00240944702780484
"NPM1P28",5.76151715435269,5.94003696720093,1.5924903164316,3.73003019604612,0.000191456823964758,0.0024851622171062
"PROKR2",44.0379440147984,-1.77817106672034,0.478219660857647,-3.71831443218235,0.000200556538906747,0.00259088982682862
"TNFRSF10D",29.1279336000641,1.95038265278814,0.525822225833838,3.70920542526567,0.000207910693776668,0.00267168473995753
"PTGDR2",48.8587594531812,1.61649317028011,0.436346190137248,3.70461162906373,0.000211714858538748,0.00271244829972121
"SLC32A1",42.4912991464825,1.7746014431407,0.48271236946409,3.67631234540534,0.000236629773600929,0.00297917303039619
"CCL26",14.8408022095367,3.36175878687806,0.915199720467761,3.67325154465723,0.000239483524402331,0.00301136318235149
"COL15A1",26.1488103958729,-2.11983267119269,0.579573992536283,-3.65757038530327,0.000254617352502217,0.00317409324164072
"FEM1AP2",7.77346542921809,5.37973331898709,1.47268480284739,3.65301068401436,0.000259183442702936,0.00322361262413343
"LINC02249",37.3991347970001,-2.08733704656003,0.571500900028064,-3.65237753161462,0.000259823519497667,0.00322729183951685
"DRD1",25.3082048869867,2.04591528144316,0.56035598768075,3.65109916985267,0.000261120381704625,0.00323842958829105
"MOBP",18.1290421649147,2.5141141745349,0.689515204954274,3.64620556076297,0.000266141106259618,0.0032912985555432
"LINC01537",5.87522115514171,-6.03484251921125,1.65739100968321,-3.64117005821381,0.000271401783662895,0.00333861381261347
"HLA-F-AS1",5.35628562981209,5.83280433814021,1.60756200649816,3.62835418762238,0.000285233772517913,0.00345771513931775
"CX3CR1",5.43505712529931,5.85604194919212,1.61680211871816,3.62199052153329,0.000292344835614151,0.00352869339325413
"HSPD1P6",9.42598797425706,4.71167779334915,1.30280094736412,3.61657535088688,0.000298526444758741,0.00359556310281798
"TCF4-AS2",5.20636727399609,-5.86763251036634,1.62355523566467,-3.61406398838298,0.000301434615806364,0.00362359379005412
"GAGE10",5.44930834824217,5.85940617614037,1.62398620586603,3.60803937556583,0.000308519674971731,0.00369746868746474
"ADAMTS1",24.6255441275936,2.37994168707564,0.660051613161128,3.60569028182144,0.000311324270563417,0.0037228622574643
"ITPRIP",29.4361748593988,-1.9023681451957,0.529028649240709,-3.59596431672668,0.000323192103104388,0.00384151051506015
"TRPM1",12.145106714815,3.39970315075941,0.946322165417,3.59254308416344,0.000327466490497433,0.00388369611674215
"APOL4",5.2866231327694,5.8157960467231,1.62238719785757,3.5847151989384,0.000337446230944261,0.00398910307631223
"RN7SL217P",5.19485801896842,5.7886223912567,1.61771986809386,3.5782600593744,0.00034588920216126,0.00406457246435818
"DAPP1",10.730306607799,4.9189119840276,1.37530723587313,3.57659136498673,0.000348103686227045,0.00408327806400956
"GASK1B",20.3206260434858,-3.06788613465528,0.857791465933227,-3.57649412065157,0.000348233144895271,0.00408327806400956
"MCM10",62.4744270474739,3.79520799060535,1.06173962395025,3.57451855897129,0.000350872925482108,0.00410536446647061
"RSPO3",23.1150615607913,-2.18985010542803,0.612666818025184,-3.57429199852312,0.000351176852983836,0.00410670788335863
"GPR18",13.3066804612045,3.16525771669138,0.891468305218763,3.55061161250667,0.000384337131964207,0.00443714256126248
"PLCZ1",11.7876616329302,-3.45412581131483,0.975714793471762,-3.54009781795401,0.000399978752525802,0.00456830122222047
"LINC02341",7.29299494983731,5.28153251111674,1.49347916124772,3.53639518257779,0.000405627428563327,0.00461777311333027
"NTSR2",5.26812532337714,5.80698752029498,1.6453962697107,3.52923342977798,0.000416765340252529,0.00472856642054541
"GLI1",17.5631072261288,2.46715910358011,0.699207844744647,3.52850604026207,0.000417912409507812,0.00473910490071626
"HLA-G",12.3245302946148,3.53343035950408,1.00424248087467,3.5185031770679,0.000433988619251637,0.00491115000295391
"ASCL2",5.00383836413118,5.73542070133517,1.63159791684649,3.51521697969586,0.000439394826146803,0.00496198546261257
"LINC02535",5.14414115034245,5.77582906720784,1.65367229142694,3.4927289385879,0.000478111562095408,0.00532444650382763
"CD38",8.87078504005423,4.61985717427652,1.32551589369314,3.48532763451423,0.000491534787524262,0.00545993322039737
"TNFSF12",21.7607571309357,-2.13038830338202,0.611864742937939,-3.48179614526034,0.000498062702932262,0.00551551741809128
"SMARCE1P6",15.3908668669651,-2.9231455085667,0.839904789516702,-3.48032961003679,0.000500797256440651,0.0055356818902455
"HRH4",12.8528322107232,2.87553829649802,0.826387038360507,3.47965077260031,0.000502067774423296,0.00554572929266342
"RFPL3",7.02085659677593,5.22412382108198,1.50563356372966,3.46971796254403,0.000521005143020464,0.00571421600294565
"LINC01028",8.47336030486129,-4.66865825259336,1.34758401408165,-3.46446544616735,0.000531286388655855,0.00580937322056926
"BEST2",9.53677876831789,3.71300638690291,1.07357626920204,3.45853992251774,0.000543111775391829,0.00591188737564359
"COL1A1",23.4737640179705,-2.07132200839642,0.601087599055981,-3.44595698139416,0.000569040937424511,0.00614790696373666
"RAB34",14.2927004936217,2.7097340447843,0.786393953198695,3.44577172009312,0.000569431169117226,0.00614906378346578
"TAF1L",10.1630979683747,3.48794612939957,1.0136218257287,3.44107244029801,0.000579413387685556,0.00623824547693582
"IL5RA",18.005208016532,2.44361498531358,0.710799983585228,3.43783770645034,0.000586379029133302,0.0063069871206829
"LINC02232",6.81214891815106,5.18050912555635,1.50834118928941,3.43457379692517,0.000593486450189075,0.00636191555416486
"PNPLA1",18.2802169801262,2.32226351458701,0.677325572354485,3.42857793854509,0.000606752293509251,0.00648461319075712
"LINC02172",13.7384212693851,-2.9096912859036,0.849432031804245,-3.42545510053729,0.000613770371470521,0.00654005759904506
"DSTNP3",9.23430275342795,3.66842622898255,1.0741028258604,3.4153398917315,0.000637024673216672,0.00673493145577696
"IL21-AS1",35.1541838449535,1.7657935672879,0.517366864669673,3.41303954286929,0.000642426198393018,0.00677558393603826
"ELN",29.1725919001672,-1.87855892639446,0.550877375442507,-3.41012176237126,0.000649338824772326,0.00681539000423192
"ABCC2",24.6774046326755,2.47124646467008,0.725852412273322,3.40461287017054,0.000662579120407835,0.00691966774673339
"ACRBP",22.6149947585297,2.4147099499773,0.709606472369207,3.40288602768117,0.000666780885412772,0.00695476162710075
"FOXL1",22.120882965972,1.99456354082429,0.587665341358768,3.39404657795978,0.00068867978289102,0.00714201058512961
"IL6R-AS1",4.66798952413006,5.63557579515495,1.66433089031138,3.38609096782466,0.000708958781744759,0.00732433344641731
"CTRB1",34.511912230594,1.61227162278469,0.476429329098254,3.38407298693442,0.000714190151547708,0.00736651857598503
"CETP",4.9399598706702,5.71855370131139,1.69141215296295,3.38093449978698,0.000722397610001409,0.0074313531495929
"LSMEM2",10.7691418003856,3.30073015927399,0.99168137699128,3.32841801394746,0.000873407080166807,0.0087284436966877
"JPH2",5.33309341494597,5.82391254141826,1.74985909801133,3.3282179965444,0.000874034438542332,0.00873069543117999
"IL13",6.57412104080551,5.12442557587299,1.54015152626342,3.32722169766335,0.000877165577014448,0.00874989787342479
"HMGA2-AS1",9.79739777613253,3.8153469157766,1.14802100491257,3.32341211480462,0.000889234374986588,0.00884590640733337
"CTRB2",20.8376329819149,2.13174003693647,0.643202250227746,3.31426085058263,0.000918857434860289,0.00909476210365818
"GATA2",11.7426464755144,3.36347219370843,1.01801834776859,3.3039406422103,0.000953360154750436,0.00939487855620455
"H2BC17",4.61006304077203,5.61919644258023,1.70935593428581,3.28731794816508,0.00101146564185508,0.00982773506869128
"IRX4",6.42208224090957,5.08942668893014,1.54915568383797,3.28529065350056,0.00101877218196369,0.00988104363712528
"LRRC8E",4.75506023245717,5.66408247949898,1.72647111714915,3.28072819941051,0.00103539468889919,0.010006511377007
"SLC2A4",32.0375986853115,-1.56359101840841,0.47675586482557,-3.27964716067096,0.00103936987342339,0.0100359965190139
"CCDC172",5.07213145056281,5.75690478501623,1.75797559559314,3.27473532593258,0.00105761011156731,0.0101894681378863
"LINC02523",4.26409472931327,-5.57735137790486,1.70510274525746,-3.27097671587099,0.00107176734373368,0.0102847987788425
"EN2",7.79706148576962,4.50309369746971,1.38962516441143,3.24050960848638,0.00119316250978175,0.0112119069936912
"VN1R5",4.45693464276825,5.57029186361978,1.71965715024856,3.23918745246089,0.00119870763456679,0.0112494101090114
"LBX2-AS1",8.94505947466865,3.57263600402421,1.10459591557988,3.2343375107889,0.00121925277035102,0.0114274031769283
"RFPL3S",28.3780461159055,1.74907192026567,0.541758277188086,3.22850982424111,0.00124436984629115,0.0116176851169641
"DCDC2C",4.45612485716363,5.56519636319026,1.72432603483396,3.22746177391339,0.00124893727228019,0.011650310053624
"CYP19A1",4.22377714464816,5.48996888593218,1.70361175086167,3.22254697008013,0.00127056332276656,0.011816510970963
"UHRF1",4.22377714464816,5.48996888593218,1.70361175086167,3.22254697008013,0.00127056332276656,0.011816510970963
"PCDHGB8P",5.98589722899469,4.98915539361865,1.55190577532003,3.21485716011966,0.00130509446419267,0.0120910543448839
"RHCE",36.3401940587214,1.67171792805209,0.521627606126445,3.20481107291484,0.00135151160220012,0.0124520262848442
"TPSG1",19.363178994503,-2.22612331427529,0.697294573897512,-3.1925148962976,0.00141039669746658,0.0128960735503934
"NTN5",19.0863379790233,-2.12409860913419,0.66543885333784,-3.1920267331547,0.0014127825628925,0.0129015921512924
"OXT",6.16736006636294,5.033036679167,1.57753195808172,3.19044990079769,0.0014205146735839,0.0129613011140958
"TIMMDC1-DT",4.456766636247,5.57013317764244,1.75682848940604,3.17056173168369,0.0015214450125691,0.0136923745930172
"UNC5CL",21.0025524592768,2.06050613829819,0.651408985379815,3.16315277274963,0.00156070406622371,0.0139704243619597
"LINC01836",31.1232758546468,-1.5922769584207,0.505723448389915,-3.14851321110396,0.00164103305475716,0.0145455811498393
"RPL31P20",5.70437006498557,4.91631200050942,1.56879788886886,3.13380839902467,0.00172553486884354,0.0151768793891479
"LINC02910",5.68286968804767,4.91658991057978,1.57050156446334,3.13058580890994,0.00174458023469196,0.0153257703788716
"RPSAP46",4.05044551359856,5.42993752521098,1.73667393498963,3.12663040298546,0.00176822066858684,0.0154833387254161
"LINC01164",4.28858399828453,-5.5801083597499,1.78478706950858,-3.12648408041544,0.00176910082304233,0.0154848018835902
"KRT17P6",4.10602479421965,5.4477212641256,1.7456846264707,3.12067894825848,0.00180434632315284,0.0157488684700913
"LINC02504",5.82933203014613,4.94956241031785,1.58614551855094,3.12049704924907,0.00180546106803127,0.0157522669961298
"IQCF5-AS1",22.1817662002467,-1.91706535772264,0.615025648225059,-3.11704944867783,0.00182670929513535,0.0158738771721326
"ADAMTS7P4",15.4410370264048,2.81712027828813,0.904493630488233,3.11458277132088,0.00184205266060801,0.0159624962401291
"TMEM225B",19.5578217139961,1.94159694077689,0.623639860841561,3.11333040539909,0.00184988793720051,0.0160048471889427
"BNIP3P9",36.8076931572316,1.51208844652395,0.48629488581437,3.10940643348889,0.00187463649354913,0.0161931607374355
"SLFN13",9.69872450024677,-3.14539714415232,1.01192210069568,-3.10833921108147,0.00188141989467661,0.0162388372149432
"CD79A",20.9245986268376,2.07517320585836,0.668948906503777,3.10214006732463,0.00192127029038817,0.0165040765925908
"AQP8",19.6837479778764,2.14222003500994,0.691389288697228,3.09842815043676,0.00194550138033016,0.0166660780967455
"BIRC3",15.7916331855199,2.47479111857905,0.799641503746224,3.09487577493783,0.0019689534391676,0.0168139177683695
"OR10V2P",18.766633761328,2.41717816028321,0.784415484904075,3.08150235022298,0.00205958850756505,0.0174166760242534
"UROC1",10.0426790884386,3.10450357554846,1.00888755027983,3.07715520395447,0.00208986456892633,0.0176109813654653
"ITPRID1",27.9355247329786,-1.5558706269627,0.50580142144429,-3.07605032528376,0.00209762437699116,0.0176695155045539
"RPL7P19",3.87962909180714,5.36806990863492,1.74547130379138,3.07542719091102,0.00210201243390347,0.0176996130339852
"HSFY3P",9.14302481580823,2.99031560482631,0.972585782597287,3.07460345229465,0.00210782604866129,0.0177279436377725
"LINC02889",4.26951979529704,5.50890667623675,1.79387856044498,3.07094738613199,0.00213380747705007,0.0179117754818784
"LY6G6C",11.0793541204563,3.15225949605815,1.02797374370339,3.06647860936776,0.00216596305442167,0.0181186647495458
"WFDC8",10.4736841583728,-2.8256073584139,0.922714029962651,-3.06227852472155,0.00219658958885004,0.0183043513090819
"HMGN1P19",7.25250575776122,-3.78611049309777,1.24069175203855,-3.05161252734767,0.00227615714098887,0.0188301060852245
"LINC01505",27.7840191272373,1.53921616033075,0.504682419022344,3.04987077479828,0.00228939849065985,0.0189067351529861
"OXA1L-DT",22.5107306904356,1.76040811954191,0.577384931221783,3.0489332581243,0.00229655496297068,0.018933936057658
"GXYLT1P3",9.38737536631025,-3.13933847079041,1.03056158015844,-3.04624054615715,0.00231722370101099,0.0190609204133162
"THEMIS",3.82239087305248,-5.41728894291774,1.78051250852942,-3.04254472628898,0.00234586952823581,0.0192455242444915
"MFAP2",16.1972601366958,-2.59619499751559,0.8534117504357,-3.04213645545674,0.00234905379270971,0.0192643701519955
"CENPA",8.8668496560345,3.53289772738091,1.16382142915523,3.03560120038802,0.00240056647736439,0.0196080313528473
"OR8J2",4.05748712180937,5.43226417579267,1.79023009972831,3.03439439243988,0.0024101912227551,0.0196470392617679
"TMPRSS13",9.00983918717947,3.21523806415493,1.06228795928969,3.02671044704756,0.00247230657734618,0.0200630080843235
"HPN",16.8911973613179,2.24404849029906,0.742395676255694,3.02271223024496,0.00250520347889127,0.0203072037131776
"ANPEP",13.7169468813413,2.26405509025562,0.750337008085102,3.01738427647811,0.00254966370796647,0.0205907389669765
"ERBB3",39.1381100183431,1.610147652829,0.533731711500682,3.01677344278792,0.00255480678260849,0.0206246037513479
"COL1A2",23.8234499124803,-2.0558580495286,0.681730638637676,-3.0156456714882,0.00256432728570063,0.0206707243267538
"OR2K2",15.1292027129124,2.370952659607,0.786978541251208,3.01272847393964,0.00258910459657722,0.0208009601995083
"OR52E4",3.97952541192677,5.40678894726032,1.79473619763853,3.01258143362486,0.00259035926397875,0.020803343852279
"HOXD4",6.9178525885724,-3.7457248763956,1.24531170016472,-3.00786130564752,0.00263093178339839,0.0210590912673349
"SRD5A2",16.1299803869588,2.34149786906882,0.779815382313599,3.00263103572276,0.00267656718175765,0.0213456969956112
"PRIMA1",23.534335946284,-1.72679120782839,0.575626919350862,-2.99984443009666,0.0027011753095415,0.0215261368888085
"PCAT19",3.8334386221338,5.35245884056078,1.78872722042683,2.99232816465082,0.0027685847820757,0.0219345447382546
"NPS",4.10683457982427,5.4529549862927,1.82458804450162,2.98859515314985,0.00280263217121593,0.0221396726919334
"C19orf18",11.2382436940463,2.62900978482877,0.881723645582447,2.98167095552043,0.00286679937486142,0.0225726668689234
"ADM-DT",3.85112664592143,5.35845654088918,1.79931337960748,2.97805629726275,0.00290082697338724,0.0227446343756768
"LINC02730",15.6307740544865,-2.14413025690008,0.721222524719646,-2.97291083321828,0.00294990134448547,0.0230597759527885
"DMRT1",3.82296021307821,5.34879519355399,1.80108259231744,2.96976674827096,0.00298025943146445,0.0232494858835828
"EEF1GP4",7.46573212619068,3.74641791875152,1.26225220656124,2.96804228131072,0.00299703101301654,0.0233525387436912
"TBR1",17.8829777863611,2.05048140249928,0.691123783255912,2.96688010480465,0.00300838246819073,0.0234073929341562
"FAM71D",9.03274157046541,3.2296451574953,1.09178279595754,2.95813889855515,0.00309502628065096,0.0239528120850378
"DUSP13",7.64711144695687,3.38055869517766,1.14354868165362,2.95620007212043,0.0031145498479714,0.0240793197300215
"USP8P2",17.2491376185814,2.40492114246623,0.81374299489043,2.95538168385714,0.00312282449180885,0.0241329277154307
"COL9A2",21.373665225655,-1.71587718602687,0.58249834968999,-2.94572025301028,0.00322203660795351,0.0247505295289418
"PFN2-AS1",14.1468413896564,2.29172270760339,0.778715003250593,2.94295435176803,0.00325096350408302,0.0249462627048293
"PLIN1",6.53925254194825,4.16892334454348,1.41807763826122,2.93984139659322,0.00328380289642435,0.0251449448867246
"TLX2",8.09961063397225,3.10212647782234,1.05733044129046,2.93392335705026,0.00334706846507423,0.0255034872938779
"PCAT1",30.0266874237308,-1.6166432676691,0.551792387822087,-2.92980349738053,0.00339176414371971,0.0257717110374448
"TESPA1",6.53873258792383,4.14900673701453,1.4164250315878,2.92921026138851,0.00339824463137589,0.0258119203969776
"PPBPP2",30.1700307405884,-1.64291501544628,0.561667934510652,-2.92506464140178,0.00344384678153948,0.0260762122412522
"MTTP",26.7175572893648,1.69103486280302,0.578640635188645,2.92242673598565,0.00347315320984549,0.0262614885463108
"RPS15AP36",22.8567589996626,1.72868890007535,0.592943937275367,2.91543397512222,0.00355194253258434,0.0267241639009493
"LINC01339",3.5389178398109,5.23619479156745,1.79873688965221,2.91103986452397,0.00360228054058731,0.0269934866181484
"MTND5P35",3.49783259338342,-5.28813899511142,1.81688300242878,-2.9105555988153,0.00360786769855351,0.0270260279205892
"KCTD4",36.564274474112,-1.58338789090045,0.54419662449272,-2.90958785783801,0.0036190565141601,0.0270538489712567
"OR2B6",3.52718182612623,5.23185550792851,1.7995920120508,2.90724534944247,0.00364627086342502,0.0271775011261957
"LIPI",14.2525828313902,-2.06384536449587,0.710100410152786,-2.90641342405619,0.0036559805410087,0.0272174403251783
"ZKSCAN8P2",3.5235770187602,5.23054521163875,1.80224077822993,2.90224551281984,0.00370498050117158,0.0275067885686981
"KRT8P1",3.69054753992041,-5.37101184309876,1.85710449255667,-2.89214304559917,0.0038262369476607,0.0281567473925448
"RPL8P2",3.63942998547625,5.2727936403194,1.8230427068224,2.89230396007014,0.00382427761634861,0.0281567473925448
"TRIML2",6.36665856150332,4.10817203218367,1.42081906830022,2.8914111049329,0.00383516073939729,0.0282033019359132
"PPP1R27",6.35726975055558,4.10614026229068,1.4208661464454,2.8898853509622,0.00385382349289172,0.0283213641189971
"DYTN",4.87086922183416,4.68741619967046,1.62295039540464,2.8882066962384,0.00387445179535142,0.0284440822136077
"TNFRSF11A",12.1554157249946,2.64119652584501,0.914699287893848,2.88750254952808,0.00388313458936052,0.0284885644400517
"COL13A1",25.6048820841246,-1.90098322401148,0.658481304844926,-2.88692057014309,0.00389032428242351,0.0285188701372227
"MYH11",20.8087062919774,1.91202324519648,0.663051633419553,2.88367172151528,0.00393068273638006,0.0287605314357843
"LINC02141",3.53061862697101,5.23311987085258,1.81907498988103,2.87680271564552,0.00401726668448389,0.0292453782501683
"SLC24A3-AS1",11.510261471697,2.56150133186328,0.890924108936332,2.87510609059781,0.00403891762609136,0.0293832948637186
"LINC00598",3.55660586359854,5.24268026092993,1.82522438230906,2.87234835987535,0.00407433563026522,0.0295419941725675
"TNNC2",30.847083124221,1.59052311074154,0.554736665308194,2.86716781170016,0.00414163340410711,0.029945091191482
"TRIM55",3.58276110674732,5.25222173964545,1.83416630337051,2.86354717671666,0.00418926424646454,0.0301703999463424
"ZFP92",26.4911416086824,-1.60667852648075,0.561543099927121,-2.86118470103056,0.00422061086200007,0.0303492667149648
"TMEM97P1",7.15747305988521,-3.32318008643093,1.16303156256349,-2.85734299343188,0.00427203925534659,0.0306277994285595
"H3C12",6.18915247900428,4.08511042154121,1.43060468762931,2.85551309657089,0.00429673507395537,0.0307453242051457
"ESM1",3.38344223907019,5.17113182275911,1.81165381652637,2.85437083817378,0.00431221625018903,0.0308234049102321
"CNDP1",20.9005335909307,1.97338376229653,0.691857402869036,2.8522983986486,0.00434043346962856,0.0309444692142002
"HMGN2P40",3.64772919831615,5.27594505967601,1.85198545782065,2.84880479886951,0.00438837959543103,0.0312331731112217
"IAPP",20.3376324086685,1.72811313751963,0.608271288384611,2.84102368551537,0.00449689723443553,0.0318612138150088
"RPL7L1P4",6.07921981442507,-4.16682978917249,1.46919173923235,-2.83613750193672,0.00456627820274205,0.0322161460203854
"TRAC",6.3659795918923,4.20853376864017,1.48521801982018,2.83361345773984,0.00460249665631887,0.0324190131004283
"LINC02818",3.36449661065346,5.16385329429956,1.8230402537878,2.83255034197431,0.00461782941652939,0.0324953932629139
"LRIG3",12.2757379381827,-2.40077793330136,0.848000846706303,-2.83110322663728,0.0046387747363289,0.0326156993605195
"TNFSF11",7.57435064256627,3.42310044317997,1.21088735316793,2.82693549835536,0.00469957929894283,0.0329213109857556
"MSMB",4.71886199397087,4.63146470649508,1.63998660891566,2.82408690492744,0.00474155264715873,0.0331298446865184
"PBOV1",9.44054881358793,-2.66560822275985,0.944864735494746,-2.82115325360735,0.00478513368746068,0.0334021096614903
"CAPZA3",10.7009923252802,-2.50718864354675,0.889401810830983,-2.81896057891342,0.00481794347704273,0.0335771696237035
"RPSAP5",6.78568347088533,4.2210893949423,1.5002875846664,2.81352017978665,0.0049002310388686,0.0340414002687365
"FGF21",11.300552174638,2.61060677296659,0.930101598946166,2.80679742506033,0.00500366968717124,0.0345939799193285
"IGLCOR22-2",3.35385019507663,5.15970353293818,1.83864216721117,2.80625758777433,0.0050120608422196,0.0346409653881734
"ADAM5",3.42602790137751,5.18744159383242,1.85444074186706,2.79730782263211,0.00515304124801605,0.0354573649372359
"LRIT3",24.5143570536523,1.57285192798028,0.562767009890709,2.79485453187054,0.00519230732450957,0.03565975517364
"CPM",19.4645326370691,1.92430984650452,0.688657706783581,2.79429073042997,0.00520136935105849,0.035710697700786
"RAD54L",21.0306498466792,1.68514889633363,0.603748717776499,2.79114281607047,0.00525222917871198,0.0360029699636709
"ZSCAN4",6.12601163614795,4.04898095181954,1.45206710035501,2.78842551479172,0.00529649254456964,0.0361807587599479
"UBQLNL",7.41292303172259,3.38969032808733,1.21607966650627,2.78739166639117,0.00531342166470383,0.0362394047960767
"LINC02384",13.1649227673005,-2.26333794792672,0.81333862245339,-2.78277446249816,0.00538962577438771,0.0366670154500638
"CAPN11",3.25739067580178,5.11480822380995,1.84156881303275,2.77741900688834,0.00547924938727945,0.0370908290817209
"HBB",4.5703964294083,4.59160223257327,1.65325239037545,2.77731473990521,0.00548100756876987,0.0370911687015913
"ITGB4",13.3440819182999,2.08139461168553,0.749949702922686,2.77537894017955,0.00551374223421148,0.0372572810489634
"RNU1-63P",5.79201036681158,-4.1010907294551,1.48175597865418,-2.76772342311044,0.00564493383280198,0.0379756453262478
"KLRF2",3.48224896108197,5.21484722237964,1.88437708238253,2.76741171983804,0.00565033462274293,0.0380002064625226
"MARCKSL1P1",11.0309290308348,2.56906101302305,0.929004093690509,2.76539256443677,0.0056854329669683,0.0381771373873481
"TMCC2-AS1",3.25354823992948,-5.18654883185865,1.87895154175215,-2.76034198679872,0.00577408826603013,0.0386529287253731
"LINC02054",5.76520201356185,4.05571215729015,1.47188471622876,2.75545503840929,0.00586105593725257,0.0390847399765397
"RTP3",9.33194261716979,-2.63381989430275,0.956826955970519,-2.75266063300991,0.00591131385664141,0.0393411252561523
"VWA3A",23.8518131152791,-1.53283211077517,0.556991357618257,-2.75198544790658,0.00592351530415276,0.0394102507184379
"LINC01484",24.5230188185271,-1.5143856733266,0.552163648043124,-2.74263921338105,0.00609476090259152,0.0403517767563041
"TNFRSF18",3.20902100991274,5.09533495004533,1.85858046102372,2.74151970113727,0.00611556931787092,0.040440226341926
"H1-4",4.46284267553215,4.55989624996757,1.67132501134059,2.72831209909916,0.00636593463210052,0.0417903979657481
"OR7D2",5.88639116483514,4.09088371352784,1.5008605440482,2.72569209028155,0.00641668268437452,0.0420980909890867
"DENND6A-AS1",3.29528193263523,5.13002468005741,1.88297291300524,2.72442829348503,0.0064412915888955,0.0421576516408844
"OR52A1",3.19132773901148,-5.15427240332348,1.89647455262421,-2.71781785639641,0.00657140025180049,0.0428156399244223
"PKMP1",7.89278435275254,3.06510681082137,1.1288214782213,2.71531581384428,0.00662125956606338,0.0431017004606212
"MYO1A",5.92486551975832,4.01905965672527,1.48516280813895,2.70614079123185,0.00680701799967812,0.0439944056193482
"GZMB",3.0723230310675,5.0314487196341,1.8600154146672,2.7050575387486,0.00682925591853898,0.0440463681398849
"CKAP2P1",18.9696801126247,-1.74177501054392,0.643959462811867,-2.70478983714039,0.00683476157243559,0.0440687892835544
"MME",5.94953755948234,-4.13901869446976,1.53466760644723,-2.69701313631792,0.00699645102846639,0.0448715093131058
"HLA-DPA2",5.66463118690285,3.94924894206241,1.46491892594387,2.69588225813783,0.00702024765075515,0.0449842720518734
"NFIA-AS1",3.1196030988487,5.05131907870139,1.87436166703292,2.69495432367519,0.00703982807097977,0.0450831337037442
"C1GALT1P3",5.72387395588362,4.0484546749892,1.50274517637987,2.69403937448795,0.00705918248990285,0.0451272319548809
"FOXF2",3.11725589611176,5.0503316777057,1.8745956947486,2.69409115355031,0.00705808590502848,0.0451272319548809
"WASF5P",22.9886932439219,-1.84022704015813,0.684692501071094,-2.68766933664293,0.00719526090577352,0.0458352261160979
"PPEF2",10.2828759608166,2.69384102593474,1.00717324033152,2.67465508222601,0.00748061688568168,0.0472785437396575
"DYNAP",3.35728699592141,5.16083880618018,1.93274237514872,2.67021558203435,0.00758025606646651,0.0477969920846071
"CNN2P1",15.9484541980274,1.81391809422779,0.679439958563139,2.66972536920527,0.00759133092098963,0.0478390430296607
"TMPRSS11F",25.978543180191,1.58080598267653,0.592925240161254,2.66611349222814,0.00767337837463453,0.0481604291281975
"DSG3",3.0416413889661,5.01839809293421,1.88246205876287,2.66586944983754,0.00767895060469017,0.048181476836594
"MRAP-AS1",2.96807007972026,-5.05953196312942,1.89836131854524,-2.66521020719421,0.00769402125456157,0.0482342279341972
"ASH2LP3",4.28420643195796,4.48415209876077,1.68570434800545,2.66010591007045,0.00781160835353737,0.0488444822935265
"C1DP5",3.62833575087495,5.27400608346179,1.98542625986906,2.65635958890239,0.00789893373291965,0.0492588917068729
"LHFPL1",14.2553630427735,-2.17747515641628,0.82039804667581,-2.65416911368724,0.00795039704988036,0.0493912048102677
"ZNF705EP",6.02277893956343,3.47325782720567,1.30867222145174,2.65403190368992,0.00795363065120216,0.0493912048102677
"EP300-AS1",16.9150392930904,-1.76254206349524,0.664578838306432,-2.65211884866329,0.00799883809802461,0.0495868593025129
"WDR87",14.7835756975928,1.91884353792992,0.724372684174589,2.6489728006743,0.00807368291667545,0.0499652602503631
