"gene","baseMean","log2FoldChange","lfcSE","stat","pvalue","padj"
"PTPRT",1531.67489422106,5.76502952141746,0.26449640792191,21.7962488289048,2.51828990532384e-105,6.68731884358746e-101
"PTPRT-DT",84.475412165378,5.64518755890322,0.413078442630152,13.6661393486409,1.61752061411977e-42,2.14766299539753e-38
"RGPD2",128.363235190643,4.91906643949876,0.395019926412709,12.4527045614388,1.35185228654155e-35,1.19661458230369e-31
"CYP26A1",54.4783568950303,3.65309046245322,0.442558855773981,8.25447376047738,1.52572993697166e-16,1.01289396190706e-12
"MTND1P23",1679.93767452446,7.57619684360584,0.99059723108005,7.64811025702696,2.03954307244473e-14,1.08320132577539e-10
"LINC02864",97.1550811858571,5.86669790424354,0.8159908554961,7.18966133594322,6.4952228331452e-13,2.87467737223618e-09
"NPY",26.7245349654158,4.48737133523598,0.632479463351053,7.09488860153757,1.29455719800068e-12,4.91099519898688e-09
"HOXC11",7.99341550019687,6.41098821723463,0.915219550385089,7.00486371225039,2.4722637223445e-12,8.20637039335728e-09
"CPED1",17.2406925429812,3.5482558702069,0.525196837151082,6.75604957839107,1.41804912385022e-11,3.76562944838427e-08
"TFAP2B",55.7687303314313,4.0779876447971,0.627236003220345,6.50152035893979,7.95122728818147e-11,1.91949855125144e-07
"COMT",432.847060238543,-3.49807431613039,0.55334393556061,-6.32169992535724,2.58701386477874e-10,5.72484609826662e-07
"HOTAIR",7.80948947766334,6.37890174604275,1.05136327274006,6.0672670535828,1.30105123493634e-09,2.58774073592888e-06
"TXNRD2",182.804784917128,-2.91184060349567,0.480530402631318,-6.05963865668193,1.36427679544358e-09,2.58774073592888e-06
"LINC00645",180.724605773331,1.62811998395626,0.27357839672515,5.95120083839057,2.66182206003845e-09,4.71231232028808e-06
"LINC01414",75.8403527290324,1.5696366027777,0.267937153968248,5.85822675030622,4.67835595249864e-09,7.30786719521185e-06
"LINC02511",9.40459309413367,4.1131200518061,0.704925685394078,5.83482789325051,5.38461185124668e-09,7.94379820610308e-06
"RPL17P3",10.5705769392048,6.8173348154889,1.19927085798428,5.68456639307272,1.31144967990684e-08,1.67955661583005e-05
"CHI3L2",6.42675754220181,6.10003272995847,1.09894999880006,5.55078278048965,2.84393279330765e-08,3.43275615119476e-05
"ACSM2A",6.05494784720258,6.01195266668222,1.08628808786705,5.53439988326375,3.12295750173648e-08,3.60565810689619e-05
"CD34",24.9631497331333,3.36845388918991,0.616706685588062,5.46200319845392,4.70791595429606e-08,3.97875013480975e-05
"COL6A5",9.51772798968524,5.9239057249865,1.08067431521669,5.48167532213317,4.21316913763787e-08,3.97875013480975e-05
"FAM153CP",36.1380629074947,1.96831465830335,0.359425171579913,5.4762849514721,4.34348054208496e-08,3.97875013480975e-05
"LAMA4",190.518740626902,2.09623380818481,0.381181750969467,5.49930263674327,3.81296220495324e-08,3.97875013480975e-05
"LINC02201",7.0371332575257,5.48464018885623,1.00474011057758,5.45876503895453,4.79457745486394e-08,3.97875013480975e-05
"LMX1B",35.4681157480335,3.09194145200765,0.564566965670775,5.47666023699074,4.33428291648214e-08,3.97875013480975e-05
"MEIS2",1116.97075710511,1.73626369018246,0.316094164189085,5.49286854009694,3.95457164160312e-08,3.97875013480975e-05
"PTX3",411.689852096088,2.54394918081662,0.46541484117421,5.46598207826464,4.60350851041066e-08,3.97875013480975e-05
"CYP4F8",8.48103465799063,6.5001254014107,1.19789493620156,5.42629007350357,5.75374243462106e-08,4.48762751487051e-05
"LINC00710",14.2131080875432,6.51078586990429,1.19922816637064,5.42914689004397,5.66240661697881e-08,4.48762751487051e-05
"ZAN",17.1426372827839,4.71285037587561,0.869311693853712,5.42135854055207,5.91477925138271e-08,4.48762751487051e-05
"VWF",33.1288794062064,2.25551919491029,0.419015330659336,5.38290375046934,7.32937344326444e-08,5.40643088294131e-05
"LSP1",5.95795093776483,5.61435466321231,1.0463486470932,5.3656634228077,8.06522169333413e-08,5.78843140720237e-05
"TMEM119",17.2863757564326,4.09666004438313,0.767197734803487,5.33977077686819,9.30641742339197e-08,6.50347143889931e-05
"C5AR2",8.92619693517863,6.20366468821481,1.16469913775659,5.32640961696266,1.00173090276397e-07,6.82076003151214e-05
"EMCN",5.0939715666849,5.00771734970096,0.946106472521152,5.29297441159721,1.203427645146e-07,7.79439539435418e-05
"LINC01836",183.321324052076,-5.3031900794871,1.00374530456066,-5.28340212939609,1.26806621592162e-07,8.01749961042823e-05
"AACSP1",157.461994765784,-3.70877085172408,0.70499114120804,-5.26073397939285,1.43481492919594e-07,8.54255088081673e-05
"LINC00261",10.9388054756835,5.39973595450507,1.02753138406024,5.2550569629983,1.47978663346854e-07,8.54255088081673e-05
"MUCL3",10.59330405463,3.97842614482646,0.755340639713102,5.26706221756791,1.38624235102484e-07,8.54255088081673e-05
"NMRAL2P",6.39310657420674,5.71650617904254,1.08719859916358,5.25801466580297,1.45618909253558e-07,8.54255088081673e-05
"BARX2",8.0854584145468,6.43043767590712,1.22867132773282,5.23365161273257,1.66193565821379e-07,9.00667375589127e-05
"CATSPERD",11.7078126682055,3.86342237365187,0.737627692754789,5.23763195389709,1.62650006307637e-07,9.00667375589127e-05
"HOXC8",5.68741010976791,5.91991589206593,1.13110179522922,5.23376049532859,1.66095645912384e-07,9.00667375589127e-05
"AMPD1",9.55820543134429,6.67166684666978,1.27944333353479,5.21450749072066,1.84306255700619e-07,9.59657376496065e-05
"LINC00598",18.9786169102118,3.52675772149523,0.675917625696939,5.21773303049878,1.81126273532502e-07,9.59657376496065e-05
"OGN",28.348792968816,3.27000911312534,0.627855836465552,5.20821647774035,1.90664406494312e-07,9.73671791241626e-05
"DCN",34.6491689279078,3.68260049268702,0.709209318388481,5.19254386145814,2.07439978604973e-07,0.000103935257204812
"LUCAT1",38.0417030549994,1.99144892519405,0.392983642533461,5.06751098431403,4.03051251601001e-07,0.00018777238572394
"MIR4527HG",8.49785968832133,5.38698639121619,1.0650866904071,5.05779148282961,4.24139832963849e-07,0.000194190228695776
"ANKRD20A21P",6.79148526563192,4.68033466033578,0.926296174701585,5.05274100030003,4.35514295404146e-07,0.000196018340923002
"LINC01518",5.12635322761655,5.39434248860782,1.07284034629774,5.02809435460096,4.95378124680135e-07,0.00021924610168135
"HOXC10",11.0162470185466,4.56002661611468,0.909224222257009,5.01529381255937,5.2952483732535e-07,0.000227759210718941
"IL12A-AS1",19.191763315941,2.75793049313191,0.550926132562536,5.00598960572787,5.5575756115626e-07,0.000227759210718941
"LINC02328",10.1744834618892,3.48488542680685,0.694995646985512,5.01425504162834,5.32393302862932e-07,0.000227759210718941
"MORF4L1P7",6.84257385854567,6.19047658835392,1.23549313316216,5.01053095496357,5.42800660199233e-07,0.000227759210718941
"TMPRSS4",9.43923659761334,4.15120712946412,0.829835474363143,5.00244597599297,5.66074483428737e-07,0.000227759210718941
"USP21P1",6.58029531150394,6.13394748569371,1.22583847702819,5.00387905963295,5.61880159414454e-07,0.000227759210718941
"SP110",25.0128250516502,2.23728601226689,0.450294375579279,4.96849646276116,6.74740309204377e-07,0.000263496013395915
"CLEC12A-AS1",7.09520411826559,4.74241147659185,0.957219584417019,4.95436110354987,7.25683312418168e-07,0.000278356259344051
"TMEM156",6.26937498610518,5.31358479594625,1.07297267196675,4.95220888171038,7.33757791530165e-07,0.000278356259344051
"LINC01133",6.46142156571162,5.73341113123686,1.15860945964877,4.94852780934048,7.47769078446981e-07,0.000279676167298022
"BIN2",11.1127106459304,4.59284868907186,0.930422568344358,4.93630404649858,7.96169536849965e-07,0.000293642806264595
"GOLGA8DP",7.84517497252754,6.38693540396102,1.29564529971752,4.9295400564904,8.24234351863409e-07,0.00029982935909223
"MAP3K20-AS1",8.30927471505315,4.62878386653887,0.940947914980779,4.91927745717298,8.68642660426744e-07,0.00031171359253557
"LINC01608",19.5690768015318,3.48966243179044,0.710633752867595,4.91063422995141,9.07822873339123e-07,0.000321429818686939
"MCOLN3",16.0306365063562,3.23717076054814,0.660511029847738,4.9010093916136,9.5345497735623e-07,0.000333144696364404
"WASH5P",77.688380717186,-2.52594274886001,0.51778558666018,-4.87835662856674,1.06973378588539e-06,0.00036891922966476
"OASL",5.24562481545201,5.0529575189995,1.04133961574326,4.85236270915608,1.21999236613025e-06,0.000415344836956267
"IL31RA",40.1825637644959,1.6009805168945,0.330245193841966,4.84785409976511,1.24804131847447e-06,0.000419515660912526
"LINC01506",5.82455586183757,5.9582367405753,1.23063470152583,4.84159656247937,1.28800059319968e-06,0.000427535696905219
"ABCA8",36.9497632965742,2.56228748897102,0.53008248250836,4.8337524319729,1.33983192959922e-06,0.000433893132811066
"C9",3.08511205785425,5.04351737531719,1.04304370975685,4.83538448881774,1.32888524453493e-06,0.000433893132811066
"ZNF98",9.45683902831454,6.28755076392033,1.3052418307265,4.81715389126066,1.45620378194089e-06,0.000465897487101692
"ASPN",14.9420787153174,3.12506739033983,0.650087413926301,4.80714950542653,1.53097501307375e-06,0.000478895026558336
"NDUFA3P6",5.90833771740383,5.98026815899239,1.24502806467873,4.80331996414517,1.56056207893402e-06,0.000481868907047591
"RUBCNL",72.9584096234506,1.94673791733481,0.4055132409251,4.80067657690708,1.58130475185693e-06,0.000482661467650122
"XACT",250.21853477465,2.40824046474302,0.501934216864052,4.79792049202991,1.6032138965875e-06,0.000483788011635011
"HOXC9",8.49327130473512,4.41489628790745,0.924798048126835,4.77390312063239,1.8068932748517e-06,0.000539124167569517
"SAG",15.8428210162863,3.37013239705887,0.708451548005361,4.75704006371,1.96452191931832e-06,0.000579643106305533
"MTCO3P39",6.20646125232618,6.04813140086454,1.28174705803005,4.71866220637952,2.37400636996981e-06,0.000677868162952131
"HELLPAR",212.517777357553,2.20699385723315,0.468233293456001,4.71344923156459,2.43558427729067e-06,0.000688052558334615
"FOXB1",33.3317424477214,3.1601031126615,0.670769055934848,4.71116412527002,2.46305770424774e-06,0.000688489445645249
"LINC01359",28.1925555578385,2.5752453172171,0.549684792888213,4.68494917548286,2.80029411216898e-06,0.000766616599470589
"PDX1",7.08271969638723,5.49440567944124,1.17376343469405,4.68101622272242,2.85456346685631e-06,0.000773499314922136
"HLA-DOB",12.5451038694819,-3.68289550665087,0.789997815154353,-4.66190593948831,3.13294380316526e-06,0.000807721579544208
"ITGA8",60.2013775244446,1.54627636565086,0.331637030153345,4.6625564248235,3.12305420763678e-06,0.000807721579544208
"LINC02405",9.16943275004526,5.13337453486076,1.09936882048761,4.66938341273309,3.02105087675005e-06,0.000807721579544208
"POTEG",4.83128617684518,5.68978879798877,1.21970174167076,4.66490175720732,3.08764518808524e-06,0.000807721579544208
"INSC",9.25492608472004,2.19711320064549,0.472711465754233,4.64789487841151,3.35339722641596e-06,0.000832237975210054
"LINC00330",5.82116096008156,4.82880147709341,1.03873882785265,4.64871568060646,3.34008243348451e-06,0.000832237975210054
"LINC00906",16.502655679115,4.14272977543647,0.891152250881066,4.64873400851608,3.33978570341183e-06,0.000832237975210054
"RPS26P41",5.81063591935447,5.20050290968986,1.11887178377756,4.64798825485776,3.35187994125074e-06,0.000832237975210054
"IL19",6.31850369631596,5.69826267281697,1.22671780188321,4.64512919276886,3.39863702935637e-06,0.000835655614023689
"LILRB4",7.40850615842959,5.55882325038058,1.20428492928995,4.61587047648105,3.91451042225979e-06,0.000944998402391899
"AXDND1",26.0152032827452,1.80325491396522,0.391444252774806,4.60667106793013,4.09166466575604e-06,0.000961541196452669
"PDK4-AS1",11.3960970718104,4.86471979084158,1.05577106011542,4.60774118046932,4.07066912952438e-06,0.000961541196452669
"SEC14L3",9.43034683064876,4.57929189095739,0.99343448933952,4.60955597988339,4.03529870303982e-06,0.000961541196452669
"SLITRK2",227.09456960481,2.98602785051765,0.648669566025595,4.60331115703958,4.15826246879422e-06,0.000968619823323074
"ZNF676",61.3432367130273,7.37225420497937,1.60216823571562,4.60142327168687,4.19613732836654e-06,0.000968942841345857
"PART1",18.7990475669031,3.04234107130919,0.662099021627561,4.59499405969602,4.32761596902654e-06,0.000990688293599135
"ACSS1",46.0566609709089,2.39508207407629,0.522245908042614,4.58611936865738,4.51560490822766e-06,0.00101396360742222
"ADGRG6",82.7255140041211,1.52139129804029,0.331727257384255,4.58627159563796,4.51231538662167e-06,0.00101396360742222
"DMRTA1",264.339842793498,-2.76969755133428,0.604102080024237,-4.58481710776953,4.54383992781939e-06,0.00101396360742222
"DOCK2",15.9319598403761,1.87809624187581,0.411122722820039,4.56821318216923,4.91899595397476e-06,0.00108853281298166
"PKD1L2",30.3569394013568,2.25865018971159,0.4967745029327,4.54663066718941,5.45115322655775e-06,0.00117687295879058
"C6orf132",29.2330311398591,2.43036993189976,0.535489360825389,4.53859611356919,5.66299830697056e-06,0.00119621089241312
"NUPR1",8.88228456527465,4.48295130546471,0.987339265131015,4.54043656905496,5.61378663878182e-06,0.00119621089241312
"MIR7156",4.73144395536255,5.27484139437134,1.16357527482619,4.53330481361359,5.80679244657433e-06,0.00120468260483423
"NTAN1P1",5.40609723579872,5.84937720782795,1.28988785356338,4.53479516972637,5.7659414406786e-06,0.00120468260483423
"PRDM1",28.4618699269255,2.33718376199125,0.516349035128822,4.52636415096265,6.00071433065484e-06,0.00122576130038876
"RPL23P11",6.53371873567617,5.37535548568796,1.18827142052043,4.52367648742549,6.07745968579056e-06,0.00123196138897839
"MAJIN",10.355710057244,2.90787524723901,0.643350949617155,4.51988957033393,6.18718961971333e-06,0.00123534451392096
"ZNF727",13.7359756636185,3.76752196126581,0.833285026232092,4.5212884459254,6.14643671718708e-06,0.00123534451392096
"LINC01344",8.48713662717499,5.38793188142022,1.19253540693456,4.51804772427684,6.24124188712003e-06,0.00123683715158561
"HSPE1P24",4.75510583872514,5.66700339819229,1.25573678479723,4.51289113037124,6.39498527170215e-06,0.00125791728807445
"HOXA5",6.34541602026327,3.96443530784077,0.880255780568732,4.50373106925734,6.67706933693585e-06,0.00130374688413479
"MAP3K7CL",18.2084418196371,2.15043338832882,0.478204452089365,4.49689119148342,6.89542527224583e-06,0.0013365548766751
"MIR3976HG",12.3757972090788,4.74504363713095,1.05673522693002,4.4902862289507,7.11275281053646e-06,0.00136868949915794
"ACCS",112.620115798896,2.47361653940707,0.551800261712818,4.48281146465722,7.36660090789507e-06,0.00140733875618096
"CDKN2B-AS1",21.1597924665389,2.37234262297386,0.530483425962513,4.47203910031583,7.74772564565809e-06,0.00145307351120114
"OR1I1",5.38415721293186,5.84423559991854,1.30701974040675,4.47142106522413,7.7701539668824e-06,0.00145307351120114
"RGSL1",10.9801531032911,5.391119922754,1.20529595511085,4.47285988133775,7.7180353992396e-06,0.00145307351120114
"FAM225B",5.12940472630494,5.77304448326332,1.29197290152304,4.46839440398308,7.88088996613061e-06,0.00145962340543743
"LINC00836",10.3512827386643,3.54623902097328,0.793791826717288,4.467467290056,7.91511091632423e-06,0.00145962340543743
"PAEP",3.414466270402,5.18376287178348,1.16210869759229,4.46065233185453,8.17105545292958e-06,0.00148618066816812
"TPRG1",20.3529201054415,2.63656112016342,0.590934394186502,4.4616816115315,8.13189866148175e-06,0.00148618066816812
"DAND5",11.0177218707438,2.26617592154174,0.508286114879096,4.45846513450558,8.25486206418992e-06,0.00149120994635757
"LINC02135",7.62021100356054,5.59926841630118,1.25958490817624,4.44532828232151,8.7757754586152e-06,0.00157459944124005
"ROBO3",321.201471234834,1.77507017482113,0.399710805566164,4.44088613593235,8.95891922606447e-06,0.00158602733365428
"HOXA6",3.26832378977004,4.34578093497892,0.979110847419617,4.43849738406222,9.05890852718754e-06,0.00159310805257924
"ACP3",6.60372416904258,4.02618490955059,0.909425518255613,4.42717389025249,9.54757618117426e-06,0.00166799924665186
"ZNF859P",4.87636759691454,5.69943605055217,1.28818601410222,4.4243890153739,9.6715607884785e-06,0.00167861631854932
"LYST-AS1",8.6317922651712,3.64482141846912,0.824440226196355,4.42096504107387,9.82610715774537e-06,0.00169063393049256
"EIF4A1P9",5.27335880085641,5.43581153449808,1.23083268771885,4.41636916921053,1.00372604757048e-05,0.00169432515976255
"HOXB8",4.92219771215391,4.95924095385774,1.12350962082455,4.41406184863654,1.01448955150535e-05,0.00169432515976255
"LINC01668",15.9720332237679,-1.63984544411325,0.371188971451714,-4.4178183357653,9.97021636192847e-06,0.00169432515976255
"PI15",282.318617592001,2.07618521879075,0.470285697117207,4.41473179286019,1.01135299986047e-05,0.00169432515976255
"OR11G2",5.13014844091859,5.39804590736874,1.22832815538923,4.39462849050971,1.10962355801318e-05,0.00183018966354285
"WNT7A",64.6018684937241,2.33250026740393,0.530630081906379,4.39571812254599,1.10407132118226e-05,0.00183018966354285
"IL2RA",5.2239413998112,5.42309311781534,1.24045156666252,4.3718701024389,1.2318681279313e-05,0.00200688700228317
"VN1R85P",4.45117814195639,5.56929563456409,1.28090174822777,4.34794912433343,1.37416468832932e-05,0.00219824959630031
"ADTRP",17.7499715855306,2.42714137069078,0.559025758060138,4.3417344115111,1.41362350076578e-05,0.00223445071802591
"LMOD2",11.7462730090158,3.3204392625253,0.764599808172643,4.34271527017642,1.40732476058558e-05,0.00223445071802591
"LINC02288",9.17831179816397,3.47313687408336,0.80220968931305,4.32946263346369,1.49473629191915e-05,0.00233486601364194
"GATA3",25.9536347002535,2.23483506701946,0.516523082350875,4.32668963572345,1.51367006441444e-05,0.00234031237257136
"GTF2IRD2P1",13.05343351096,1.90530153689145,0.440674955373423,4.32359841116206,1.53504615555818e-05,0.00234270980809468
"CYP24A1",2.92369252100637,4.57446665253748,1.05871915470737,4.32075553955749,1.55495865869842e-05,0.00235953869609924
"SLC11A1",15.5507357744057,2.45604363470937,0.568819066476755,4.31779414484472,1.57596308783877e-05,0.00237782385213401
"RPL10P9",416.543250717918,2.05920769645432,0.477135154830731,4.31577442074006,1.59044332489104e-05,0.00238611426511195
"NDUFB4P11",6.19622681065288,5.29698960728337,1.227985096951,4.31356180171519,1.60645205401643e-05,0.00239659181429249
"EDNRA",177.659900768332,2.18797592618669,0.50907004616096,4.29798598972152,1.72357054694663e-05,0.00252869700962252
"ITGA11",227.494001185357,2.14868029850827,0.499925940130507,4.29799721524222,1.72348328119969e-05,0.00252869700962252
"LYPLAL1-DT",22.4784485938343,2.65913540528356,0.618457576130962,4.29962459497864,1.71087669186988e-05,0.00252869700962252
"DDX59-AS1",4.02290143024742,4.65407872941833,1.08430603085661,4.2922187989138,1.76896505382197e-05,0.00258103664858475
"MX2",21.5529635846797,2.3443303814317,0.54723747202219,4.28393613611431,1.83615637836865e-05,0.00264995286019454
"S1PR5",27.7089448631717,3.4721010249616,0.81173289260979,4.2773935324938,1.89094346344102e-05,0.00271427046873926
"MIR4307HG",10.7108571826326,2.58343874644017,0.604179671867501,4.27594450249351,1.90328636406629e-05,0.00271518377945236
"MYL4",26.2187203896066,-2.18268257621415,0.510578158900507,-4.27492351203271,1.9120292478162e-05,0.00271518377945236
"ITGBL1",13.7579626633907,3.75481646750034,0.879218115664108,4.27063137190273,1.94920360860571e-05,0.00271573741724116
"LINC01252",42.0936440842246,1.70090341443948,0.398165655758371,4.27184863847644,1.93859148145862e-05,0.00271573741724116
"LY6E-DT",21.3986503906666,1.79867848701438,0.421141225304383,4.27096275296813,1.94630916151198e-05,0.00271573741724116
"SIX4",355.311072756363,-1.70715764910139,0.399787732938102,-4.27016015863023,1.95332647973286e-05,0.00271573741724116
"LINC00707",12.4547847033999,2.52246592710868,0.591373144022881,4.26543875487703,1.99509738956546e-05,0.00274506793678295
"PEBP1P3",5.38747476626964,4.716360598272,1.10559830796433,4.26588984832651,1.99107004381908e-05,0.00274506793678295
"NMBR",8.99729480757875,3.1985545658128,0.750311717624915,4.26296763155681,2.01729749150292e-05,0.00276130592200309
"ZNF556",18.4152996686996,1.75095354488749,0.410956302856255,4.26068059479292,2.0380532236607e-05,0.00277541042842614
"LINC00102",8.2118831524768,3.92087072337411,0.920537959943516,4.25932540969271,2.05044782107472e-05,0.002778042953502
"LINC01656",4.83792264731176,5.68936130151565,1.33795920061636,4.25226815503397,2.11616251901361e-05,0.00285252262398002
"ALPK2",59.3368079429061,1.55539480233671,0.366731266105112,4.24123860192194,2.22289672039313e-05,0.00295145112050198
"GREM1",30.2543448285516,2.32573675723739,0.549108519323531,4.23547746099907,2.2806658014426e-05,0.00295856214425637
"LINC01393",7.40470280821301,4.20109931921789,0.991274520810466,4.23807858572121,2.25440863870278e-05,0.00295856214425637
"MGAM2",20.9009205848445,2.58437658169514,0.610220320109588,4.23515326600566,2.28395872556037e-05,0.00295856214425637
"OR8A3P",4.34569155680218,5.533501992693,1.30568861664514,4.23799512544645,2.25524664590078e-05,0.00295856214425637
"PPARG",22.0790231811817,1.77498838313045,0.418909503275363,4.23716427832788,2.26360519000098e-05,0.00295856214425637
"ATP1B4",9.06798716027424,5.11174442477583,1.20734681401849,4.23386583326631,2.29708019568673e-05,0.00296111478623597
"LINP1",5.63025862033924,5.15381154296801,1.21944572296267,4.22635583193215,2.37506317803691e-05,0.00303220205253703
"LINC00837",8.64018386209566,5.05097510703468,1.19620967150744,4.22248308749213,2.41625534710428e-05,0.00304756100960924
"LINC02613",14.0686275966991,3.29913816859711,0.781417363330237,4.22199239921784,2.42152277547562e-05,0.00304756100960924
"WNT8B",641.256710952855,-5.39770757229025,1.2782551427926,-4.22271531839717,2.41376620276183e-05,0.00304756100960924
"HRAT17",5.40336305321,5.09484060715734,1.20729564035885,4.22004390378066,2.4425474591199e-05,0.00305952112155325
"HPSE2",9.80223527474632,3.46754631214206,0.82332638286952,4.21163026509209,2.53534280317072e-05,0.00314607608122423
"LINC02552",15.16077328776,2.84491967705258,0.675688119779727,4.2104035778815,2.54914904251041e-05,0.00314849548017972
"LINC01094",8.5532927225471,3.83294520661002,0.911210306451228,4.20643311370972,2.59432818856928e-05,0.00318946227071561
"FAM247A",6.35636006603074,-5.7849960656878,1.3776431119794,-4.19919790211552,2.6786213691577e-05,0.00325076373089537
"ITGAX",7.77544588341554,3.19417948940454,0.761001881937093,4.19733454702361,2.70074830199633e-05,0.00325076373089537
"KCNQ5-AS1",8.18458507041039,3.42773334036078,0.817151774555878,4.1947327866035,2.7319345687655e-05,0.00325076373089537
"LINC02822",16.58313799651,3.29270026908277,0.784778514014282,4.19570644491784,2.72022383177741e-05,0.00325076373089537
"PRSS35",73.3127466388083,2.1247753798945,0.506531151492574,4.19475756551894,2.73163594523809e-05,0.00325076373089537
"RNU4-16P",4.91855346862321,5.71242119675284,1.36166564710113,4.19517170673587,2.7266495072635e-05,0.00325076373089537
"SIGLEC9",6.01032534794939,5.25071794585598,1.2519926419127,4.19388882177003,2.74212417895147e-05,0.00325076373089537
"OSMR-DT",5.15660567452701,4.26486501910187,1.01737508152759,4.19202818757676,2.76471634896956e-05,0.00326297967319496
"LOXL4",46.1845390046023,-2.26033313182805,0.540195448395057,-4.18428762875288,2.86061730572219e-05,0.00334641817416091
"ARHGAP15-AS1",3.86249896374559,5.36635612278651,1.28464136440599,4.17731848862571,2.94965877450339e-05,0.00340557342421467
"RPL23AP62",10.5527716986949,4.75976694926815,1.13926737167505,4.17791913260005,2.94188207525147e-05,0.00340557342421467
"SH3TC2-DT",7.81391612617144,4.56691068107122,1.09376033281624,4.17542174830225,2.97434485858564e-05,0.00341920899219661
"RPL13P12",133.311384871201,2.1396682508401,0.512757045764434,4.17286952663949,3.00787205318377e-05,0.00344284665397823
"LINC01241",4.2702770520876,5.50663981365473,1.32287788362186,4.16262141943012,3.14614748908619e-05,0.00353237788642124
"RPS26P13",3.41697265892661,4.41512491680438,1.06030117037158,4.16402908926066,3.12680251576554e-05,0.00353237788642124
"TRIM38",21.4521994444722,2.66790914611217,0.64099248500789,4.16215354861661,3.15260236897697e-05,0.00353237788642124
"MTND4LP30",13.0896878800821,5.08271114014473,1.22215007176431,4.1588273466345,3.19885564783095e-05,0.00355420969573853
"RPL26P3",4.36825410816304,5.54085559470745,1.33412980348042,4.15316079458889,3.27914149480095e-05,0.00362823343310163
"DAPK1-IT1",7.90530298066644,3.68972741799531,0.89000932178449,4.14571772191927,3.38750942794382e-05,0.00372815944552265
"GBX2",135.570886972156,1.99695019226431,0.481768523068613,4.145040816583,3.39753186148176e-05,0.00372815944552265
"LGALS1",206.069906837035,1.9933654413107,0.48112077254616,4.14317060300997,3.42536933376622e-05,0.00373356782874937
"OR7G2",9.82784578821277,4.65040799060033,1.12252176045346,4.14282212998858,3.43058011754791e-05,0.00373356782874937
"SLFN12L",6.6481636321245,5.02635537816084,1.21641648443696,4.13210067642857,3.59462902834293e-05,0.00384900700998575
"OR2Y1",4.06119658128564,5.43619353042214,1.31831775697233,4.12358363654829,3.7302292491551e-05,0.00397816215708088
"ADAMTS9-AS2",14.7611112898974,2.76201911464127,0.671286566433343,4.11451569680046,3.87993157457767e-05,0.00399821438744908
"COL6A4P1",3.46078086738546,5.20929549354513,1.26613293870478,4.1143353389685,3.8829661545389e-05,0.00399821438744908
"CTBP2P1",5.11179677214894,5.01270159910874,1.2172012398086,4.11821926824276,3.81811322692074e-05,0.00399821438744908
"IL7R",12.6174380751163,4.38811685092323,1.06563570875085,4.11783953455071,3.82440829228195e-05,0.00399821438744908
"KLK15",7.78759643131072,4.88885061784672,1.18759517154476,4.11659691364993,3.8450768783201e-05,0.00399821438744908
"LINC02608",7.09492216404739,4.41909083226641,1.07409601170846,4.11424191515003,3.88453892661217e-05,0.00399821438744908
"MTCO1P40",8.0399818484401,5.67804858319552,1.3788917676001,4.11783485594225,3.82448591368938e-05,0.00399821438744908
"TMEM132C",61.5578630369572,3.72666436103775,0.905655506114571,4.11488069787796,3.87379719711565e-05,0.00399821438744908
"FZD10-AS1",38.3888100322104,2.31522249412397,0.562909569701732,4.112956358782,3.90624252073812e-05,0.00400502973506567
"SGO1-AS1",21.4182610521957,2.46693567381598,0.600378291659474,4.10896880864438,3.97429743934587e-05,0.00404358116865247
"TP63",22.9490636015383,3.21529003996868,0.783176239930798,4.10544890924268,4.03530467102152e-05,0.00408998150912124
"CD84",9.19357065374313,3.57758589651755,0.87172096084738,4.10404941168313,4.05980694323695e-05,0.00409917009040521
"LINC01287",10.3191419585706,2.46158092632564,0.600202967775707,4.10124750873527,4.10928730741457e-05,0.0041334138048634
"MTND4P31",6.9131220712352,4.71571598561256,1.15012937345505,4.10016133354312,4.12862215500112e-05,0.00413719099343603
"SH2D4B",18.324695238942,1.70371540864589,0.415830342401804,4.09714067233612,4.18284736052949e-05,0.00417577111499476
"LINC01180",5.21585330173078,5.04217624909819,1.23106202168502,4.0957938432677,4.20724207037909e-05,0.00418439375201936
"LINC02805",14.9973850086365,3.45054197279624,0.843224777680489,4.09207848740861,4.27523889296926e-05,0.00423615555234323
"OR7A17",10.0734544910953,4.45775178261761,1.09017498948405,4.08902407926947,4.33191887885907e-05,0.00427636081145362
"OR5AU1",6.89099491149231,4.71668266767832,1.15601040908224,4.08013857887568,4.50088600366196e-05,0.00441037003052559
"DMRTC2",5.03177698846703,4.98888460776174,1.22577406194963,4.06998709030176,4.70157429621507e-05,0.00457327126139162
"LINC02527",5.54583466769275,5.51423417956671,1.36344158880311,4.0443494058351,5.24686208373732e-05,0.00497885819196147
"MTND4P18",3.47821816971325,5.21316744715951,1.29169882711143,4.03590011676133,5.43933548165571e-05,0.00512204091189246
"LINC02388",12.6350952373373,3.75997858511517,0.933008604794713,4.02995059830393,5.57885764145945e-05,0.00523486094236593
"LINC01568",17.0206133006348,3.81645485408915,0.947600033625414,4.02749548191531,5.63741503968522e-05,0.00527118156263524
"HAND2-AS1",22.6349567692265,3.01871033046291,0.749979404376338,4.02505763871367,5.69613619878527e-05,0.00530739988627168
"HNRNPA1P54",20.3050086843144,3.56701414627612,0.886411969325843,4.02410421983471,5.71925873938035e-05,0.00530791098664468
"LINC01548",5.6243505673311,5.90626622413015,1.4697402607398,4.01857823582868,5.85503686336476e-05,0.00539862860786983
"PGLYRP3",3.86963884489714,4.98421427682901,1.2420114937632,4.0130178358714,5.99473818227057e-05,0.00550831392492024
"DMRT2",10.0512295014907,1.76543674137683,0.440308886962218,4.00954146884689,6.08367687408184e-05,0.00555161647392589
"RNF6P1",7.77759655381131,4.57951839847589,1.14202369065282,4.01000297625881,6.07179825054781e-05,0.00555161647392589
"CABP7-DT",8.6117364951672,-3.65032534696587,0.91227500852446,-4.0013431397951,6.29839423747397e-05,0.00572336947816614
"CCL24",5.12614100840366,4.63993573795887,1.15977508503093,4.00072031021008,6.31499626097789e-05,0.00572336947816614
"NCBP2-AS1",10.5572114608874,-2.14171866045354,0.536264519903861,-3.99377281353147,6.50301762625677e-05,0.00585606595154134
"NWD1",16.5607592183611,2.72894569395853,0.683315750256075,3.99368182708484,6.50551480212651e-05,0.00585606595154134
"RNA5SP492",3.42802758048606,5.19333009064708,1.30100104260797,3.99179548714011,6.55749140902517e-05,0.00586310385072941
"LINC00608",9.53175147201034,4.85668831213445,1.21751505879655,3.98901703682831,6.63476568937729e-05,0.00587287342938047
"LINC01714",5.11458667259352,5.76951144913851,1.44587129111198,3.99033543622083,6.59799153116662e-05,0.00587287342938047
"RPL36P2",3.62261603474743,5.27140014393459,1.32124122901306,3.98973331151058,6.61476261981515e-05,0.00587287342938047
"SLC14A2",17.168670673094,2.28968485660814,0.574197120070394,3.98762859752315,6.67370312631511e-05,0.00588771383785042
"CD38",8.8232332524291,2.39980998451728,0.601945152775747,3.98675855009555,6.69821286976581e-05,0.00588976962770302
"LINC02767",11.943244224033,3.08824502570411,0.774786931588232,3.98592813042617,6.72168570597896e-05,0.00589090309974493
"LY86-AS1",6.04415679149855,4.18846153485179,1.05341286006165,3.97608733826038,7.00584044555907e-05,0.0060797416023471
"CABP7",70.2084265465491,-1.95298993640867,0.491358803473864,-3.97467171159079,7.04764003317855e-05,0.00608131232511259
"P2RY6",22.5463834062057,2.87923137599345,0.724430524864388,3.97447550478693,7.05345206603155e-05,0.00608131232511259
"LINC02269",7.02902517087354,4.41783012663806,1.11295417053159,3.96946275382385,7.20348653485323e-05,0.00617059951396863
"GOLGA8F",4.28874838845103,5.51458678883098,1.39110946574352,3.96416452093044,7.36534454645762e-05,0.00628896220035956
"S100A6",135.062637660844,1.76287474970457,0.444991804865713,3.96158924822572,7.44525422732641e-05,0.00633681814123887
"LINC01485",7.64966647274434,4.55133375959682,1.14957260546069,3.95915293908111,7.52160608732054e-05,0.00638134982903505
"CARMN",24.1678732396392,2.47195001549873,0.625147113120732,3.95418928379716,7.6794597529074e-05,0.00649452400440943
"DLX6",38.472760623366,3.0771528891147,0.778513527827437,3.95260040978604,7.73064727739968e-05,0.00651705836353487
"TAT",15.6196246835012,3.36087515022249,0.850536809503481,3.95147524794896,7.76709067344328e-05,0.00652705989978754
"NTMT2",8.41053304977268,2.18816979133688,0.55459374896464,3.94553634155079,7.96215542400283e-05,0.00662106099208579
"NUCKS1P1",6.62439258644895,5.39447179103116,1.36697083960435,3.94629617160853,7.93694275939918e-05,0.00662106099208579
"OR4D9",8.02845390842125,5.67638799186758,1.43913999315088,3.94429174290376,8.0036173167371e-05,0.00662106099208579
"TEPP",46.5241871405114,-1.77104489949181,0.448950198765382,-3.94485825902784,7.98471945837225e-05,0.00662106099208579
"TPT1P8",6.94301792632055,4.72487671413094,1.19727499950165,3.94635878649234,7.93486844319308e-05,0.00662106099208579
"LINC02663",6.70383936341995,5.03657972574524,1.27758044406554,3.9422799160245,8.07107012415598e-05,0.00665612630891186
"C3P1",3.72875318126853,4.15929650877132,1.05558452299986,3.940278033777,8.13872263180393e-05,0.00669113868382518
"LINC01991",5.05416635219174,4.99768732754963,1.26876507893163,3.93901708877262,8.18161033148553e-05,0.00670563772693205
"PRDM7",10.2825222057058,3.50170918253925,0.891617650104502,3.92736637966827,8.58811051731397e-05,0.00695296569473392
"ADGRE1",8.10513421430776,4.36732652114761,1.11240599322174,3.92601851101053,8.63635121410153e-05,0.00695535302658953
"SPN",14.7624021194978,2.10248495298948,0.535552941553164,3.9258209410484,8.64344379128053e-05,0.00695535302658953
"OR9A4",7.67950417720136,4.03111866716081,1.02703560690673,3.92500380712398,8.67283663061114e-05,0.0069579207470054
"LINC01809",3.33273608646675,5.15483330683753,1.31387423444616,3.92338411979779,8.73137718063672e-05,0.00698378677806651
"SNORD3A",62.3163944708529,2.42604845663193,0.618522149888782,3.92233076385085,8.76964888104837e-05,0.00699333411520238
"LINC00958",8.54439379769356,4.43964244880308,1.13385863728868,3.91551671680986,9.02107934626304e-05,0.00715088841910493
"RPS6P20",5.13240165502792,5.77399804456372,1.47451786065083,3.91585493716242,9.00844045374593e-05,0.00715088841910493
"MTCO1P12",1612.2778692221,1.72348527473571,0.440268929087599,3.91461936300483,9.05469361532493e-05,0.007156172290326
"RXYLT1-AS1",3.29184633225232,5.13032984035833,1.31381801518756,3.9049014255037,9.42638004253278e-05,0.00740584384702539
"LINC01266",8.52583631803229,2.87350268882345,0.736046159683059,3.90397076463353,9.46272166409851e-05,0.00741246530354383
"HOXA2",21.0000820794355,1.99662440013184,0.511780667276185,3.90132829901202,9.56663050628687e-05,0.00747181979689553
"SLC39A12-AS1",3.79352591780339,5.33842011411326,1.36888502369369,3.8998309001208,9.62598954261658e-05,0.0074961334986564
"RN7SKP181",3.72723580478986,5.3130389227105,1.36711535567154,3.88631354381993,0.000101778033763475,0.00787963757023055
"LINC01985",6.56875043897284,5.00689726153548,1.28896603127349,3.88442917815974,0.000102570585058254,0.00791791245994745
"HTR1A",13.042033061698,1.9283162952301,0.496883429285918,3.88082230474324,0.000104103883929225,0.00801298155866835
"MROH7",10.9240985882144,3.50550436668171,0.903803141810325,3.87861493782834,0.000105052888990622,0.00806265741949705
"PNPLA1",14.5732326360399,1.67518777618471,0.432036184818861,3.87742470433829,0.000105567983638287,0.00807884093808277
"LINC02811",2.49101615911686,4.33786062557293,1.11932505168336,3.87542530121092,0.000106438629094561,0.00812206263105189
"OR7A15P",3.37656243729075,5.17533734668697,1.33658267453769,3.87206676046215,0.000107916382450871,0.00821123076212859
"MTND2P11",7.72674217539508,3.31064243867236,0.855315355653166,3.87066877355917,0.000108537182734655,0.00823487110719647
"LNCARSR",6.01607678809652,4.16440613899889,1.07614700711685,3.86973723056289,0.00010895271951882,0.00824284748382412
"LINC00378",3.86063246883671,4.98059108054149,1.28784906170586,3.86737175080463,0.000110014652821849,0.0082995429138756
"GNAT3",25.918453310476,-2.63987549230191,0.683500787722767,-3.86228595448621,0.000112330972394557,0.00842640952524705
"CIBAR1P2",4.8279636339442,5.68559431149363,1.47275845373106,3.86050699426634,0.000113152001632077,0.00846408846011213
"OSBPL10-AS1",7.64155998233447,2.821015305833,0.731704730180037,3.85540121510337,0.000115539980001432,0.0085871450219789
"EFHD2-AS1",18.029536012948,1.64597487136289,0.427597182140402,3.84935855546035,0.000118427545753133,0.00873566342093962
"FAM138E",6.16607726301798,5.28813365182384,1.37388030643966,3.84904975130458,0.000118576924491616,0.00873566342093962
"TRABD2A",20.1784210078408,1.6801188656036,0.436544256928477,3.84867934679728,0.000118756335716784,0.00873566342093962
"PACRG-AS1",7.31114916258267,2.82977778223673,0.735439389736748,3.84773758616554,0.000119213645659084,0.00874507834385906
"FOXD3-AS1",13.5728990073014,2.93995102769181,0.764428964624475,3.84594404940694,0.000120089166038805,0.00878503527316931
"RN7SL223P",3.44910735534501,5.20145304196262,1.35287979666744,3.84472667473889,0.000120686881403498,0.00880450586722501
"ZP3P1",4.47505686828634,5.57766318136043,1.45134028765506,3.84311193508747,0.000121484026429983,0.00883837896396769
"RN7SKP178",4.55086193755656,5.60163123032789,1.45804820742506,3.84186970074225,0.00012210065317959,0.00885896952236068
"ZNF831",10.0657168632225,2.80507147123061,0.730629189286769,3.83925459365904,0.000123408411005346,0.00892945600612249
"ANKRD20A5P",28.2057518662146,1.96007598508774,0.510736820466078,3.83774168327838,0.000124171001921604,0.00893099868469985
"HNF4A",16.8752792457748,2.75362911998563,0.717611805003245,3.83721268349701,0.000124438693780416,0.00893099868469985
"RN7SL478P",3.99749279144587,5.03010205227711,1.31082616941812,3.83735248016143,0.00012436789908312,0.00893099868469985
"UNGP1",2.39679465739197,4.67726676502742,1.21913613085284,3.83654183208847,0.000124778949789655,0.0089312803548903
"TEX41",24.1571009992948,2.1458440152856,0.560058311914806,3.83146534857967,0.000127382316954252,0.00909311136215098
"GOLGA8G",8.59109079521117,3.66835586963703,0.958563720805567,3.82692959269748,0.000129751607945824,0.00921271109358649
"KCNE3",3.82720808027978,3.80870807596523,0.995485838964566,3.8259791620208,0.000130253308338669,0.0092236709411556
"FOLH1B",6.00744867580088,3.65601312876442,0.955983609315699,3.82434708413194,0.00013111909475058,0.00926028606675968
"LINC02741",4.51445875196172,4.82652534638335,1.26324874952146,3.82072442043718,0.000133060265292623,0.00932299563283801
"MTND2P4",4.66247161001619,5.63661985181,1.47477522900796,3.82201961420359,0.000132363158637529,0.00932299563283801
"NPNT",38.3625727244642,1.80513069011959,0.472407408812231,3.82113120253176,0.000132840952936403,0.00932299563283801
"RNU1-141P",3.56831306119233,5.25316805422651,1.37592257668496,3.81792416465982,0.000134579277259755,0.00940461238850739
"HMGB3P21",2.84178544368359,4.13457452080701,1.08368299850374,3.81529887108656,0.000136018205861827,0.00940615483505419
"PRKACG",6.23551129429555,5.30451596594497,1.39019431113384,3.81566513649348,0.000135816588678436,0.00940615483505419
"RPL3P13",3.42077141622136,4.8014781477993,1.25831136161227,3.81581085117692,0.000135736455802485,0.00940615483505419
"ITIH5",52.3414015042823,2.09941557790137,0.55132471128814,3.80794753965626,0.000140124989296414,0.00961503641024876
"KLK2",14.2415294383352,3.69703265697849,0.971427924085054,3.80577144769702,0.0001413628783774,0.00961763868573856
"LINC01837",10.905381094269,3.10107497389102,0.814927958318764,3.80533633953201,0.000141611625913153,0.00961763868573856
"RASAL1",13.2591107130026,1.96155507130338,0.515471719047266,3.8053592444002,0.000141598521127371,0.00961763868573856
"RYR1",1008.69509668127,-1.62781870699524,0.427616863556849,-3.80672243244876,0.000140820640616409,0.00961763868573856
"LINC01535",76.9064012876385,2.12873662980642,0.56003650192208,3.80106764916299,0.000144073957053086,0.00975990798353238
"DHFRP2",6.47332037381131,4.61609283487898,1.21575384551677,3.7968975807902,0.000146518288469942,0.0098501092413147
"DNAH8",18.8976103361818,2.47476692250099,0.651772912397335,3.79697725301035,0.000146471224015852,0.0098501092413147
"RPL7AP69",2.94660903694448,4.97504809184986,1.31170525672145,3.79280944888852,0.000148952455891383,0.00998846582372646
"SULT1E1",5.32374530924326,3.70552073305521,0.977690380990831,3.79007588199843,0.000150601270577181,0.0100735938039724
"ACTN3",24.9046668663694,-3.10495178671364,0.820359981811552,-3.7848650050642,0.00015379203654516,0.0102354574698163
"LINC02471",6.93164286192397,4.10395512602032,1.08486205094099,3.78292808976093,0.000154994203982237,0.0102896777168708
"FZD10",31.2784485945545,2.4328338809032,0.643785267830894,3.77895239681415,0.00015748952448776,0.0103906706164278
"LINC02753",3.51792342402773,5.22759072534566,1.38345949992141,3.77863661758267,0.000157689333775952,0.0103906706164278
"LINC02275",7.89776876532627,2.47393672130687,0.655313509703997,3.77519566539127,0.000159882115504549,0.0105090831119389
"ROR1-AS1",12.9353929603913,3.27716515432149,0.868484383314881,3.77343014714095,0.000161018317324521,0.0105576331272905
"LINC01141",13.3956137618973,3.03387154962449,0.804609597107239,3.77061317753601,0.000162846927640974,0.0106250618267962
"KCNK13",6.81434175133446,3.14226442413854,0.834424193475298,3.76578777162645,0.000166024775460676,0.0107531412496543
"HMGB1P36",3.05095618884066,5.02707772175558,1.33577631353179,3.76341283404256,0.000167610165499934,0.010829411058031
"RPSAP4",4.55328621387941,4.46309440621418,1.18656589062684,3.76135403981351,0.000168996027283064,0.0108924502536451
"OR5A1",10.4797657035051,3.70151169333543,0.986697335930725,3.75141551369843,0.000175839007347499,0.0112515779279828
"P4HA3-AS1",7.19114561399073,3.73190502630465,0.995323889874028,3.74943781041664,0.000177231439815468,0.011313415587259
"DAPP1",6.38353067428634,3.99431802565397,1.06649888429659,3.74526226371856,0.000180205424048937,0.0114482177885635
"DUXAP10",26.7320570060585,4.99779896077211,1.33476209011104,3.74433691052488,0.000180870817095006,0.0114630657469162
"VN1R53P",3.11624271682939,5.05439550853795,1.35009466733426,3.74373414756002,0.000181305487097562,0.0114632552616089
"RPL36P16",4.0382626418842,4.66290522477293,1.24619819417778,3.74170436657504,0.00018277645458471,0.0115288093859785
"SDHDP5",4.20712724930837,4.72194242162681,1.26238535406256,3.7404920822559,0.000183660332091126,0.0115571092859712
"PLAC8",9.84593807897339,2.06250182654546,0.551899569685188,3.73709627590748,0.000186157657815029,0.0116865640739435
"LINC02240",7.68697165105191,2.83901858178037,0.760064095609954,3.73523574942985,0.000187539416446497,0.0117179040087923
"LRMDA",22.1061852780785,1.92073965993817,0.514328543767936,3.73446055680084,0.000188117969608777,0.0117264616970917
"PNLIP",5.38161559856856,5.46444562233914,1.46534970769901,3.72910684298002,0.000192159668270159,0.0119224298853132
"RNA5SP432",3.09554250239822,5.04361618177011,1.35323046273591,3.72709329316539,0.000193700774189119,0.011934394567499
"TPTEP1",23.0930103339127,-2.51337143928818,0.674293404917833,-3.72741512961179,0.000193453673601792,0.011934394567499
"WWOX-AS1",3.15556127408862,4.68328409978202,1.2564568798917,3.72737351733526,0.00019348560612218,0.011934394567499
"JCADP1",3.416715115991,4.40566557283732,1.18480074917511,3.71848648467235,0.000200420013249488,0.0122913474638341
"MYO3B-AS1",3.45199226200103,5.20042692238062,1.39997779206252,3.71464958363311,0.000203485473830903,0.0124505916073263
"LINC02254",17.0780609451181,3.74193176309612,1.00794754096849,3.71242709665294,0.000205281200710939,0.012474238638167
"LINC01153",8.72507380720127,4.24318389020569,1.14345878994056,3.71083236889216,0.000206578871143929,0.0125244336146736
"OR1M1",3.86436916515364,4.59706562986291,1.24071469782966,3.7051754427544,0.000211244464887535,0.0127201740704955
"LINC00703",10.9525379898262,3.76182726305058,1.01579783756527,3.70332277145536,0.000212793858389031,0.0127844816957482
"GPR1-AS",4.18490908664266,3.95851668063826,1.06922037199244,3.70224584597259,0.000213699391829717,0.012809903724691
"OSR1",14.589451892369,1.99166866951681,0.538148204773403,3.7009668560642,0.000214779531800661,0.012816787566217
"RN7SL794P",2.38100611113567,4.26601742357704,1.15334484101243,3.69882213183721,0.000216602320724214,0.0128537648298476
"AICDA",9.56152535730648,4.14085834602418,1.11977110849465,3.69795069243293,0.000217347093842606,0.0128544589687982
"ZP3",58.944878106823,3.09668540161484,0.839402734753489,3.6891533389205,0.000225001583711636,0.0132775934565833
"CTNNA1-AS1",4.41650105256456,4.79554893472153,1.30012386629132,3.68853234607648,0.000225551355317075,0.0132805238147338
"HOXD10",5.6909966376983,3.76586828463971,1.02189007573803,3.68519899943242,0.000228524015717327,0.013425785923393
"ANKUB1",12.0728531534174,3.9061000430801,1.06034332513273,3.68380688640744,0.000229776346859591,0.0134695604654668
"RPS15AP5",3.99865800780685,4.64627949927563,1.26198627966277,3.68171950373121,0.000231666210738556,0.0135504322162167
"TMPRSS2",7.84765791309006,3.52115249236448,0.956698197014661,3.68052589975825,0.000232753415298152,0.0135841031719614
"LINC00479",5.72207051014663,5.17883377270408,1.40755304923346,3.67931693624223,0.000233859489800697,0.0135889250583315
"PCOLCE",221.182536011266,1.566162827176,0.425627476310965,3.67965630590953,0.000233548505302343,0.0135889250583315
"FTLP1",2.88867467237996,4.94623417948809,1.34482888515355,3.67796545277456,0.000235101793173536,0.0136312840998324
"TUBB8P11",4.24324076541165,-3.16024093422803,0.859557826025546,-3.67658910028248,0.000236373319116083,0.0136751492137856
"LINC01618",8.72266291186864,3.23669949409211,0.880631962558688,3.67542813763861,0.000237450873993598,0.0136845663335206
"LINC02655",4.31520367264694,5.14246781675963,1.39940602858451,3.67475036674038,0.000238082080440087,0.0136845663335206
"OR9N1P",7.58404781240754,3.30030924536566,0.89806320136162,3.67491869209407,0.000237925172656446,0.0136845663335206
"ADPRHL1",298.340219225173,-1.58386450459722,0.43144385722412,-3.6710790478921,0.000241528619905273,0.0138164201092097
"OR9M1P",2.97793713996681,4.60457717075412,1.2548139016324,3.6695299317006,0.000242996886060911,0.0138471723376556
"PIWIL2",463.032943983204,2.02936266440237,0.553931424190583,3.6635629895302,0.000248731013024569,0.0141435804087097
"OR4K2",7.04283326738876,4.15875637798134,1.13558642589435,3.66221036387083,0.000250048390640667,0.0141881090031259
"HSD17B2",18.0022284615352,2.66251976003188,0.72775146536228,3.65855637089848,0.000253639956070593,0.0143099824465931
"ZMYND15",7.17118180752292,3.36618784338214,0.920130312610847,3.65838164143366,0.000253812906508956,0.0143099824465931
"TREML4",4.87675912557437,5.69949727118015,1.55871942188296,3.65652547287508,0.00025565701671904,0.0143834154215553
"LINC01411",5.94819460862474,4.50525880361039,1.23310668681434,3.65358395326643,0.000258605179605229,0.0145185212355536
"RNU1-22P",2.46755676021526,4.71605884296245,1.29109379185152,3.65276238854753,0.000259434277205693,0.014534340150205
"SLC12A3",6.37024174300699,3.7031625043492,1.01432522922969,3.65086305421143,0.00026136057742799,0.0146114318602111
"LINC00466",8.2956294335263,3.20909076687259,0.879363002972,3.64933566232234,0.000262919373999122,0.0146676974297199
"LINC01216",5.4299371074709,5.10037090332427,1.40053099739144,3.64174082032026,0.000270800637724308,0.0150504623058866
"TFAP2A-AS2",14.1686993849,2.22355631797926,0.610593174134882,3.64163310723168,0.000270913989162636,0.0150504623058866
"MTND6P25",4.49971400733629,4.43690160680714,1.21914516405781,3.63935463767032,0.000273322172669469,0.0151209797817453
"PPIAP49",3.33605895822081,5.15576643842196,1.41724726987472,3.63787360753054,0.000274898261830994,0.0151450691761868
"SEZ6L-AS1",8.08547026145461,-2.24080813447439,0.615907031502987,-3.63822463433514,0.000274523936281145,0.0151450691761868
"TMEM78",3.68666540751618,4.91161289322254,1.35097564822482,3.63560431283597,0.000277329742725572,0.0152158911530528
"PLUT",4.21034890694414,4.72415127495178,1.30008180661982,3.63373385497522,0.000279349019223359,0.015295078774178
"NCAPGP2",3.29676499149997,4.74961963894171,1.30739347658051,3.63289225778021,0.000280262063077665,0.0153134960597272
"LINC01517",15.016161659362,2.747225494092,0.756627778735065,3.63088109015086,0.000282455305568205,0.0153746932823101
"RPL31P47",3.71891268526796,4.15798105973329,1.1451957759971,3.63080369914307,0.000282540023414322,0.0153746932823101
"FANCD2OS",4.50126048278944,4.04319013487954,1.11620397745987,3.62226816650535,0.000292031148294818,0.0156981521112731
"LINC02470",18.6133750375395,6.18540687300003,1.70640883621102,3.6248094487921,0.000289174585060126,0.0156981521112731
"CRABP1",471.994638973295,1.5395780483666,0.425418984755004,3.61896883669457,0.000295779250418959,0.0158625271561533
"ITGAL",20.8647975723404,2.73436944115036,0.755773536469104,3.61797457731195,0.00029691755337611,0.0158625271561533
"RPL35P9",3.85523582252301,5.36274261910818,1.48245012694618,3.61748602643067,0.000297478385379942,0.0158625271561533
"MS4A18",4.88791084288151,3.31859986169062,0.917735276833704,3.61607529476276,0.00029910340881609,0.0158853820422225
"RPL5P28",7.93142058073714,-3.25020518598614,0.899299288966775,-3.61415295871119,0.000301331135964996,0.0159717531248513
"OR9Q1",2.89521614374021,4.9457125859462,1.36937019925627,3.61166950225171,0.000304232133245171,0.016025273635331
"SMIM42",3.44096825639098,4.42749574232214,1.22587042562526,3.61171592834853,0.000304177662513429,0.016025273635331
"CD300LB",5.65246668743616,5.15951830513893,1.43079913994378,3.60603956285693,0.00031090575673771,0.0161729209168319
"IL12B",4.25846048497797,5.12319407392678,1.42141254111329,3.60429778529612,0.00031299802974236,0.0161729209168319
"OR7E25P",3.8344311850708,5.35442880484773,1.4853317853681,3.60487054649596,0.000312308562310705,0.0161729209168319
"UBE2V1P4",5.51856261503294,4.38881246720277,1.21695925398027,3.60637585264127,0.000310503307002001,0.0161729209168319
"COILP1",11.8748315579003,1.96384644635361,0.545169426050078,3.60226812530975,0.000315452743699194,0.0162657235124895
"RNA5SP239",5.15606287247491,4.27883922122328,1.18832275747403,3.60073826265739,0.000317314891265585,0.0163300328247241
"MSR1",10.7861770207374,2.54729336185749,0.707974390595917,3.59800212506751,0.000320670999525256,0.0164708286119791
"SLCO6A1",4.73110938718801,4.1390009641295,1.151757955139,3.59363783480876,0.000326093018810901,0.0167169886380762
"NOX5",8.22717009832365,2.45256781597076,0.682891203250419,3.59144737008919,0.000328846590468338,0.0167971318667776
"VN1R42P",7.84574780392048,-2.65572681277648,0.73947085558458,-3.59138807529748,0.000328921429889826,0.0167971318667776
"OR5BA1P",5.2398872321801,3.66294834802185,1.02019632121392,3.59043477402795,0.000330126837347686,0.0168263304525294
"LINC02917",5.66980167710074,4.79123514226068,1.33504415929963,3.58882146997608,0.000332176211531547,0.0168983511441
"RNU6-338P",3.74137482416358,4.55032352958635,1.26820109160622,3.58801420350713,0.00033320614220748,0.0169183348113186
"HOXA-AS2",3.10959323710804,4.27027872580104,1.19061179601184,3.58662558199496,0.000334984773996129,0.0169761844913497
"ZNF835",97.8617221168694,1.60815529728443,0.448612128162392,3.58473433135161,0.00033742149587539,0.0170671006151828
"BMS1P12",9.32043095172408,2.39346201317064,0.668180850663277,3.58205717927227,0.000340899151742073,0.0171775654165289
"CSTL1",2.37142255778413,3.86632825947875,1.07922841327506,3.58249302179311,0.000340330710723032,0.0171775654165289
"ANP32BP1",4.81702363793225,4.54376620304873,1.27182916096684,3.57262307116357,0.000353423293646601,0.0176420248200187
"BRDT",13.22161063963,3.91415794670197,1.09560630957388,3.57259529495071,0.000353460794951923,0.0176420248200187
"CLNK",12.2369782916302,3.12715022539898,0.87543252461803,3.5721202233872,0.000354102776466578,0.0176420248200187
"MIR4432HG",13.474567462092,7.16780919581145,2.00752438391823,3.57047179761848,0.000356338820868332,0.0177201823748288
"LINC00844",2.85086888104657,4.53109022960251,1.26993756197352,3.56796299698471,0.000359767295313963,0.0178239188937729
"PRDX2P2",3.73328291634295,5.31617309190127,1.48995179492801,3.56801683785893,0.000359693394722986,0.0178239188937729
"FCMR",6.92785339180099,2.56247228506666,0.718980090278218,3.56403789161265,0.000365193202237798,0.0179923631922347
"LINC01968",7.76007674176792,3.47452995223943,0.974832361869238,3.56423328578981,0.00036492129753782,0.0179923631922347
"LINC02194",3.67445768586271,4.52065364862766,1.26965805411456,3.560528469833,0.00037010917909541,0.0182004615757011
"RNA5SP498",6.3499002730658,4.26974194199257,1.19998052832994,3.55817602135173,0.000373439035247833,0.0182964457214137
"LINC01655",5.30776434945169,5.06719187129733,1.42446086601974,3.55726997643409,0.000374728982671188,0.0183258345024556
"RPL17P51",6.7893196288834,5.05526194504295,1.42167740246217,3.55584321470388,0.000376768727788754,0.0183917161147617
"LINC00520",13.920143130574,2.71447356876039,0.763752336833971,3.55412800439061,0.000379234585531495,0.0184578689456746
"SEMA5A-AS1",4.52687293984881,3.73138038542501,1.04992949319484,3.55393424949972,0.000379514081880562,0.0184578689456746
"HTRA4",5.92618972217604,4.1612410828924,1.17182306112569,3.55108311223624,0.000383649245317306,0.0185686131362445
"RPL12P10",3.97070325396864,5.02050225358445,1.41451967834328,3.5492629268082,0.000386311144039085,0.01861795359339
"DCD",3.46789029214824,4.4362803441416,1.25034146203666,3.54805505442921,0.000388087092745485,0.0186359000865395
"LINC01936",14.3394905406008,2.05284324388211,0.57896563831013,3.54570825632053,0.000391559450173336,0.0187687025259078
"LINC02086",3.98621015953433,5.02554139907102,1.41826987667175,3.54343096594878,0.000394956698756721,0.018829578340188
"MIR4307",1.68848306823826,4.17103169981098,1.1769098976284,3.54405354922758,0.000394025207392187,0.018829578340188
"DMBT1",9.17472114607738,3.56685555301203,1.00700481345507,3.54204419418217,0.000397038947939334,0.0188949269937796
"OTOP2",4.94016045131544,4.20758197060534,1.1881276479121,3.54135515489379,0.000398077356047342,0.0189104547224278
"LINC02436",9.51398239139356,3.68183086542345,1.03987544047788,3.54064604481037,0.000399148660526434,0.0189274869290705
"LINC01931",11.7412754015864,3.4983428539976,0.988484680137545,3.53909668434195,0.000401498771818942,0.0190049908835152
"SDR42E2",8.47957602111446,3.06466795647079,0.866539296605596,3.53667510345542,0.000405197795914562,0.0191459563532228
"LINC02750",3.84805402919968,5.35915396278782,1.51748334197594,3.53160645296414,0.000413043572033051,0.019434593444428
"SEC14L4",7.22546831179658,4.76661240862379,1.34981302701071,3.53131308799109,0.00041350198817932,0.019434593444428
"SLC22A10",8.24469003709112,3.94660050425948,1.11800242984254,3.53004644615604,0.00041548672050786,0.0194809660517921
"RNU6-222P",4.29776475818507,4.3726968208498,1.23994582050807,3.5265224887472,0.000421055404899236,0.0196850814737662
"L3MBTL4",15.9576559912353,2.12801787029155,0.603764671621083,3.52458162975635,0.000424152107018987,0.019795007384691
"SPAAR",3.04646143760447,4.24151556667138,1.20424556804011,3.5221350854331,0.000428085947866708,0.0199086205702284
"RN7SL442P",4.58374643104268,3.48107133098538,0.989277949911745,3.51880008171205,0.000433503244950886,0.0201253123595643
"LINC01489",13.9195707917955,-2.83766701222907,0.806799614250994,-3.51718935173694,0.000436142533045374,0.0201772908798256
"CIR1P2",7.74516361411992,3.49428554093805,0.994247918637541,3.51450123800753,0.000440580618191602,0.0203471622888313
"RN7SKP280",3.93259677049973,5.38890664851597,1.53370697792114,3.51364812581107,0.00044199789831233,0.0203771774126457
"DIO3OS",77.5764612256439,1.63822011514929,0.466534995950829,3.51146243983367,0.000445648432842481,0.0204603438930653
"LINC01143",6.1516704769142,4.53493388612357,1.29190510414307,3.51026857280794,0.00044765429493018,0.0204603438930653
"LINC02292",5.4983657749423,5.11798090507979,1.45768434549933,3.5110351022715,0.00044636545324176,0.0204603438930653
"RNU4-47P",5.33161492505272,2.58816007453608,0.737055960104696,3.51148381483604,0.000445612596436966,0.0204603438930653
"CHEK2P5",5.27860564985098,4.31905788951801,1.23109500955396,3.50830590328106,0.000450970174215671,0.0205710796861122
"LINC00661",5.4843378462412,4.37030228945712,1.2458389719907,3.50791907117331,0.000451626415251493,0.0205710796861122
"CCNB3P1",3.97471813611546,5.02160658479448,1.43322289440116,3.50371641732158,0.000458813670856598,0.0208626661465701
"LINC01533",8.00064788256823,4.08456435806386,1.16620410244669,3.50244382565151,0.000461010983360199,0.020926746432701
"LINC01606",18.8626304037629,1.67651773679635,0.478984340983425,3.50015145245503,0.000464993888247537,0.0210715233829579
"RNF5P1",7.51239818840861,2.14663208064597,0.613794118109777,3.49731614772829,0.000469964525285085,0.0212604905774198
"RPL19P11",2.29733972067693,4.61185178726295,1.31906394489159,3.49630645665322,0.00047174657491528,0.02130481343006
"RN7SL250P",4.62442979994361,4.86349703841633,1.39269612322255,3.49214516887052,0.000479157754304146,0.0215661596026214
"CWH43",7.07890898743096,4.7356651662238,1.35648442510756,3.49113124969961,0.00048097990754717,0.0216115422079781
"EIF3EP2",3.61784394533103,5.26905108570954,1.51188039908235,3.48509782183012,0.00049195715453541,0.0220674362139997
"SLC5A4P1",5.1801181913553,5.03028106749946,1.44435480526025,3.48271840767898,0.000496350157237471,0.0222269450681974
"MIR205HG",3.26979918610949,4.34694521581362,1.24905898960955,3.48017607813098,0.000501084345479848,0.0223681829884577
"LINC01303",6.42313482716738,4.02102494985792,1.15687002845005,3.47577934510517,0.00050937119740862,0.0226952217234663
"LINC01151",6.88125213843343,4.69316930069029,1.35046873700846,3.47521506576044,0.000510443939210599,0.0227032054993576
"BMS1P11",6.05059037592458,2.29286834870205,0.661087332063377,3.46832897485054,0.000523705754183031,0.0231397775413151
"CTXND1",18.7730802109965,1.62632324168805,0.468975885386789,3.46781847929502,0.00052470158590484,0.0231452668001711
"ATP1A2",407.82233564912,-3.12685150872183,0.902294566755642,-3.4654442395292,0.000529356285201424,0.0233118675846166
"B3GALNT1P1",13.5386832910369,2.76945346964228,0.799978694391273,3.46190903465202,0.000536358405368227,0.0235421445529806
"DUX4L47",3.56110530415432,4.09150263959749,1.18225303078347,3.46076730874278,0.000538638175517891,0.0235643109569647
"RPL7P28",3.31107184323069,-3.67745052211758,1.06281250673001,-3.46011220119352,0.000539950351237541,0.0235828644360409
"UQCRFS1P1",19.3275673276848,2.18249792549359,0.630949895060394,3.45906694426929,0.000542050161806708,0.023635701226235
"PIK3CG",6.51869966925624,4.61136129612934,1.33467778918033,3.45503711346042,0.000550217077842848,0.0238352601992118
"PPIAP46",7.95423895204522,-3.91515514581516,1.13280669284278,-3.45615467365406,0.000547940801519082,0.0238352601992118
"RN7SL340P",3.54119476113444,4.46566075650413,1.29238210339846,3.45537186313645,0.000549534328385049,0.0238352601992118
"IL6",4.3135754816204,4.37916358151165,1.26811608974422,3.45328287916836,0.000553807921399101,0.0239127956955335
"NIFKP1",2.37834881004269,4.66987196453336,1.35338206838594,3.45052005166783,0.000559507602047218,0.0240805905548847
"MARK2P11",3.36766400604541,5.1676154533445,1.49838109460222,3.44879915527522,0.000563085354851482,0.0241953585729468
"LINC01531",15.653119619033,3.52828791517079,1.02344353764546,3.44746709064965,0.000565869341100698,0.0241975206971482
"MMP2-AS1",4.70313463840472,4.88842795684117,1.41796681649234,3.44749108370096,0.000565819082979077,0.0241975206971482
"OR2M3",24.2925772441352,1.80710716580505,0.524436439979239,3.44580778154276,0.000569355190280209,0.024307439031979
"CKAP2P1",9.92621325424606,3.43988698834865,0.999162462366857,3.44277043815288,0.000575787846908493,0.024464074039448
"RPL12P33",3.37634607399547,5.17218286070349,1.50221077997181,3.44304736037145,0.000575198573784528,0.024464074039448
"HSD17B7P2",47.9036159175181,-3.16566809008871,0.919877576658185,-3.44140151952528,0.000578709086184202,0.0245097604204489
"OR2AG1",15.3290914008571,2.20158840523905,0.639664317917463,3.44178711172557,0.000577884848770431,0.0245097604204489
"LINC01111",2.46410525349705,4.71468596050314,1.37084450524808,3.43925656225315,0.000583314136892518,0.0246262430924973
"GUCY2GP",4.75337707650058,3.80170192801896,1.10623623317752,3.43660948177323,0.000589044235159957,0.0247110105287088
"CLIC4P2",4.21569541022532,5.48934549266106,1.59807797475702,3.43496724150503,0.00059262546271595,0.0247829435628694
"IGF1",8.12343080024799,3.04044851849699,0.885109619516545,3.43510956321739,0.000592314301985264,0.0247829435628694
"POTEB3",3.69575129623001,4.9138271264265,1.43091160202543,3.43405359176,0.000594626619506757,0.024827531259437
"LINC02826",3.41231750638159,4.41043763519757,1.28449667602624,3.4335920968218,0.000595639815987639,0.0248307932708819
"ASB4",3.52345627443004,3.69761558513994,1.07706708242429,3.43304112202302,0.000596851566943312,0.0248371596501449
"LINC00924",5.91698635678672,4.14887565211469,1.20894141389974,3.43182523521257,0.000599533772763806,0.0248371596501449
"RPL32P10",2.91987862312642,4.56780167670108,1.33100131171335,3.43185362516367,0.000599471017764964,0.0248371596501449
"COMP",2.50131475681439,3.54380133678988,1.03325671226524,3.42973947783094,0.000604161029206903,0.0249510048687236
"RNU6-777P",4.45327408578066,4.80817518296326,1.40213002911606,3.42919350068729,0.000605377757700087,0.0249624322293879
"LINC00636",6.18721385763739,3.94838448465997,1.15155666703092,3.4287365943008,0.000606397741371558,0.024965724065305
"CDCP1",14.4240238827722,1.92421039210788,0.561431137225051,3.42733109107299,0.000609545378980024,0.025000056939899
"EFCAB6-AS1",17.1377122314421,2.25069656180035,0.657077218212618,3.42531516755777,0.000614086609714793,0.025022846228132
"FYB1",7.87589441768238,2.59082728844827,0.756598876585662,3.42430760687885,0.000616368102824736,0.025022846228132
"PIGR",4.84760249703187,4.18492016724957,1.22208668416192,3.42440534005123,0.000616146453539495,0.025022846228132
"POU3F4",31.296839059035,1.66240319329992,0.48548770123814,3.42419218666157,0.000616629960147626,0.025022846228132
"RN7SL416P",3.12782813566331,4.6709133449722,1.36327507109936,3.42624422905754,0.000611989834191923,0.025022846228132
"RPEP2",5.71032534852928,4.42256494956757,1.29166054988903,3.42393746557293,0.00061720821989932,0.025022846228132
"HMGN2P32",3.96276642638738,5.40315526876623,1.5803032220991,3.41906236297441,0.000628373230639502,0.0254366633226097
"MNX1-AS2",1.99252260615529,4.00388699096867,1.1719243428841,3.41650637712254,0.000634301781655277,0.0256375704898872
"MTATP8P2",1.94919220560495,4.37696778907283,1.28154775367693,3.41537627178911,0.00063693958834314,0.0257050619581339
"CACNA2D3-AS1",2.90700588918895,4.55856498811394,1.33558156462945,3.41316854682604,0.000642122155921774,0.0258424656700617
"KCNJ15",8.62126800352788,2.62038302747606,0.768042031528834,3.41177034577135,0.000645424648076656,0.0258424656700617
"OR2T12",9.36785686932017,3.23558410734716,0.94807830590799,3.41278150463362,0.000643034756626877,0.0258424656700617
"RPL18P13",3.99769885693902,4.26591946016135,1.25047101427324,3.4114500947794,0.000646183287701788,0.0258424656700617
"SIRPG-AS1",3.72100477049866,5.31017809377312,1.55611855203925,3.41245086167392,0.000643815329801945,0.0258424656700617
"SLC9C1",6.66616942897513,2.71162163589329,0.79473000945238,3.41200357812305,0.000644872667529948,0.0258424656700617
"NLRP9",5.95422352117804,2.40345853255176,0.704842051990166,3.40992499775722,0.000649807468285187,0.0259006332863924
"PLA2G2D",2.28882801831553,4.61035525177776,1.35216589169886,3.40960771165831,0.000650563826097675,0.0259006332863924
"HOXC6",9.72027945164963,3.0951836811248,0.907903593970777,3.40915456407415,0.000651645475101315,0.0259048586696339
"MIR7515HG",8.86123129025914,3.55782213317582,1.04423487655086,3.40710908347306,0.00065654881844496,0.0259830907210222
"HTR4",8.89779520350559,3.31081460758492,0.972664334146828,3.40386142614039,0.000664404504351401,0.0262158419213246
"PRR27",5.56095567329205,2.972463941462,0.873595753323985,3.40256226080762,0.000667571429876254,0.0263017200598871
"NFILZ",4.98255937624238,4.20346051789002,1.23625735436564,3.40015006021699,0.00067348881152797,0.02644672918807
"SLC1A3",345.204297524846,1.58921642670119,0.467493355953725,3.39944173850141,0.000675235638844341,0.02644672918807
"LUADT1",2.67355426960519,4.43654383709257,1.3053623190415,3.39870683593061,0.000677052469915026,0.0264788340774573
"FN1",5981.51986414935,2.00755896341273,0.592393209298663,3.38889597635578,0.000701746265175751,0.026958656091465
"GPRC5A",13.1504621103927,2.32483836185377,0.685396664036403,3.3919604279403,0.000693944617429379,0.026958656091465
"LINC00311",5.01105229416449,2.97008646696918,0.875898210108813,3.39090368343167,0.000696625783188768,0.026958656091465
"LINC00457",2.30276190924234,4.61833100774038,1.36255037115086,3.38947543189875,0.000700264835128796,0.026958656091465
"LINC01746",2.33658933138319,4.64072069620879,1.36898056823838,3.38990983793184,0.000699156143832861,0.026958656091465
"LINC02660",3.30676332227562,4.36449818180883,1.28829763765801,3.38780267403349,0.000704549325079147,0.026958656091465
"RBMX2P5",6.6753573516365,3.62863717976995,1.07049796338548,3.3896721935783,0.000699762457605658,0.026958656091465
"RPL12P17",3.31674507693919,5.1434650038346,1.51729220434183,3.38989746939727,0.00069918768823826,0.026958656091465
"SIGLEC14",3.8683532166996,4.5944131134321,1.35608034638544,3.38800951262088,0.000704018225882685,0.026958656091465
"ZIM3",7.43039697876909,4.51550857976292,1.33256559581823,3.38858259130595,0.000702548675118596,0.026958656091465
"RN7SL162P",2.63900547414892,4.81970559004683,1.42396804421191,3.38470066771357,0.000712559135040894,0.0271656958923491
"NMUR2",4.44041806680456,4.8021364377323,1.4197837705128,3.38230126126731,0.000718812679628402,0.0273468061712496
"ADAM5",6.61781415389173,3.58379553284133,1.06028983454728,3.38001498842203,0.000724818769775433,0.0274572930547598
"MIR31HG",3.03206818488645,4.23794248507791,1.25370863687796,3.3803248700842,0.000724001981361231,0.0274572930547598
"DBX1",14.5036733092648,2.69939364894737,0.798876810623407,3.37898611281618,0.000727536831326873,0.0275060119714609
"LINC01570",6.63516598243055,3.2507190919095,0.962219887666091,3.37835367318615,0.0007292122925215,0.0275060119714609
"LINC01366",4.30735897305946,3.98659916508033,1.1803266768627,3.37753881465823,0.000731376302635571,0.0275485073992732
"HES3",5.79121350498938,3.83090712403894,1.13514265148049,3.37482440558686,0.000738628034098848,0.0276257287964717
"UBTFL8",4.37005144275149,4.39885436573764,1.30340013562886,3.37490709529143,0.000738406140137643,0.0276257287964717
"IL12RB1",5.3696664506409,4.02428773197725,1.19302682439588,3.37317455876573,0.000743068286842643,0.0277137336476213
"TBC1D3K",7.62529267818257,2.92532822623107,0.867178371826971,3.37338697696991,0.000742495215985396,0.0277137336476213
"CYTH4",3.55169392555484,5.24373642963711,1.55577563841255,3.37049655500944,0.000750328441733651,0.027906122927503
"HSPA6",19.5941810935044,1.90138972182852,0.564261365765806,3.36969680574885,0.000752509328047404,0.0279090575506967
"ATP6V0A4",16.0376751155972,1.85921103368807,0.552023254645029,3.36799404380819,0.000757172318788714,0.0280037756621648
"OFCC1",6.40767910266575,3.55699715208395,1.05636969026836,3.36718971100007,0.000759384291006245,0.0280465227366771
"MAS1",5.54350112069478,3.76769226015456,1.11926406480246,3.36622284109471,0.000762051192815125,0.02810592975723
"LRRC61",212.336662953972,-2.51910812199577,0.749270037248263,-3.36208308989284,0.000773568425360109,0.0284911366649621
"LY6K",4.15116961904297,4.32034913723337,1.28652671064199,3.35814958328962,0.000784661388502813,0.0288596719829532
"LINC02036",5.38116356933956,3.2343278452509,0.964234026265403,3.35429756381638,0.000795667486511899,0.0291836327407783
"IGFBP7",42.8897522021077,2.09885988785947,0.626389270616606,3.35072771248681,0.000805995116423603,0.0292827963703202
"LINC02087",2.34256376659283,4.24808444835113,1.26786343818257,3.3505851816664,0.000806410031092404,0.0292827963703202
"OPN1SW",5.06950691126659,2.23900814981456,0.668345179963034,3.35007750027972,0.000807889528986163,0.0292827963703202
"POLR2DP2",3.08964035541013,5.04413903571832,1.50546859770266,3.35054417170551,0.000806529449945434,0.0292827963703202
"SORL1-AS1",2.95786953239657,4.19900803909123,1.25330055573051,3.35035999137792,0.00080706597576366,0.0292827963703202
"BPIFC",10.9054462141279,2.6406436278888,0.78839930084177,3.34937337599032,0.000809945675262377,0.0293005527519818
"LINC01681",3.26867416457252,4.73696903341194,1.41475435390096,3.34826255904463,0.000813199298746398,0.0293005527519818
"SLC15A1",7.77141583689964,4.06213617068158,1.21308220219754,3.34860750847954,0.000812187633278237,0.0293005527519818
"DRD5",5.94385933687822,3.09970817246018,0.926179033384953,3.34676996641948,0.000817590254583094,0.0293833660794119
"ETNPPL",5.98409409587946,2.30092983846407,0.687516004089878,3.34672913034221,0.000817710696015266,0.0293833660794119
"POU2AF1",3.71264480809506,4.14654713321026,1.23928176394485,3.34592766055967,0.00082007787590195,0.0294286053980761
"RPL21P5",7.21331594750255,2.47243969304634,0.739229676611696,3.3446163909151,0.000823964488790254,0.0295093074425105
"ZNF503-AS1",4.26514129247194,3.65687389602371,1.09470784233315,3.34050214551293,0.000836270345572926,0.0298885047465532
"LINC01996",10.9641409665174,2.96200369449993,0.886797443778139,3.34011302725515,0.000837442993793633,0.0298901864249865
"RPL36AP26",4.52249228078221,3.71392027344148,1.11215134385667,3.33940186644248,0.000839590092607134,0.0299265971935335
"ZNF692-DT",1.80620726053214,-4.34339495821117,1.30171650910734,-3.33666733718364,0.000847893690389142,0.030182060252391
"CLEC7A",12.003210433549,3.48778870079872,1.0459583767748,3.33453871420129,0.000854410059585464,0.0302376215915823
"DSCR8",4.07365711247542,4.67578554075032,1.40215074579359,3.33472385531835,0.00085384144698052,0.0302376215915823
"IDH2-DT",3.90019616519917,3.84117686448097,1.1522924065508,3.33350878877949,0.000857579622128373,0.0302376215915823
"LINC00536",4.36284385834414,3.41107804533409,1.02346344635894,3.33287725855701,0.000859528525318487,0.0302376215915823
"RPS4XP19",3.67693569170665,5.2928186508533,1.58789357454964,3.33323261438001,0.000858431392002648,0.0302376215915823
"LINC02278",6.5572523647117,3.81016955714969,1.14404047545171,3.33044996126145,0.000867057460452262,0.0304559667490871
"RN7SL817P",4.84133184679685,3.33454467322754,1.0013715266157,3.32997752042859,0.000868529957275233,0.0304673883955665
"IL5RA",17.1277361639723,1.78022845469469,0.534836088343743,3.32854961266288,0.000872994546036085,0.0305031186447214
"LINC02484",6.27097425387933,3.94084349682659,1.18386862821764,3.32878446382997,0.000872258786163282,0.0305031186447214
"LINC01471",5.31633567343931,4.30813967625572,1.29566690298192,3.3250364475165,0.000884069770168627,0.0307686405594075
"LRRC3C",3.25519962423746,5.11643722603717,1.53898389076038,3.32455541396813,0.0008855963224298,0.0307814271493761
"MYH11",32.1678474175961,1.51052247490479,0.454656369741063,3.32233874951552,0.000892662497305684,0.0308304702011699
"OR7D4",12.2120296174071,3.81365502409959,1.1478763850813,3.32235689632163,0.000892604438233886,0.0308304702011699
"SLAMF7",3.23332940164047,4.33388455169479,1.30492562018677,3.32117362449707,0.000896397545807159,0.0308739777288056
"SPATA3",3.73071441296408,5.3123836788583,1.60198896532653,3.31611752255452,0.000912774353850831,0.0313973095421099
"LINC01861",3.1941786623841,5.09021146452083,1.53566620052111,3.31466008875726,0.000917546234820401,0.0315206213009777
"NOLC1P1",3.1914339228709,5.09023724445917,1.53653571445143,3.31280112566499,0.000923666337963843,0.0316351831325457
"PDZD3",5.05735825503698,2.49000126238051,0.751684332612558,3.31256240731564,0.000924454984404273,0.0316351831325457
"TNFSF10",8.44282886038126,3.59159394564405,1.08436767489054,3.31215511934786,0.00092580196959159,0.0316405036068271
"LINC01804",3.46725451850921,4.82125940084981,1.45694468958619,3.30915746857842,0.000935771904072443,0.0319286509084274
"CDRT15P13",2.64358678247432,4.81482152158835,1.45629241740499,3.30621890496967,0.000945641785362889,0.0320002875159303
"DNMT3L",3.70622001077487,4.53300036318521,1.37075633841244,3.30693372422057,0.000943232054390623,0.0320002875159303
"GAGE2E",4.46560579846058,3.72762027100819,1.12741880138806,3.30633147719267,0.000945261914595178,0.0320002875159303
"KLRK1-AS1",12.4657337087277,1.93884649125085,0.586504626760573,3.30576504052429,0.000947174768876718,0.0320002875159303
"MTND5P32",4.30566093991277,3.97732098153236,1.2023838292303,3.30786300085093,0.000940107869208739,0.0320002875159303
"PPBPP2",7.0509159391765,-3.53171368418588,1.06834839654887,-3.30576963057607,0.000947159253890769,0.0320002875159303
"RNU6-919P",3.09622371741415,5.04463954752703,1.5259668188455,3.30586450847184,0.000946838606695452,0.0320002875159303
"FGD2",8.39095383734382,3.36084995873994,1.01691377630033,3.3049507608867,0.00094993087080836,0.0320119470486244
"LINC02558",5.24556137716688,4.29621679131449,1.29981752778293,3.30524608222699,0.000948930435765794,0.0320119470486244
"NECTIN4",9.75338068845191,2.28800121400048,0.69237642651649,3.30456255640008,0.000951247444470492,0.0320156855360126
"ABCC13",10.534803854577,3.55034434782744,1.07505127226802,3.30248839233252,0.000958310541562987,0.0320987327998735
"FSIP2-AS2",11.2747832074433,-1.59800451592649,0.483887253605962,-3.30243151481682,0.000958504907598723,0.0320987327998735
"GOLGA6L3",12.9049450182546,2.03186370446697,0.615307062464505,3.3021946738734,0.000959314650550636,0.0320987327998735
"ISCA1P2",2.64875021619678,4.03219006871699,1.22070795006323,3.30315704793118,0.000956028297952032,0.0320987327998735
"DCAF13P2",6.98048469168856,2.15908360540744,0.653981161897761,3.30144617490523,0.000961877884304326,0.0321291411543414
"LINC01823",12.5100537889258,2.46046589618762,0.745400143364676,3.30086587464456,0.000963869485421371,0.0321523165385628
"MEP1B",9.2047334974235,1.92398465350525,0.58301042635263,3.30008618463633,0.00096655140903189,0.0321523165385628
"VSX1",15.8278813049769,3.10258754375196,0.940324921426085,3.29948454311582,0.000968625615923563,0.0321523165385628
"LINC02457",4.11334937253802,3.92523521240169,1.19014253870176,3.29812193477552,0.000973338565958826,0.0321639281891652
"SIM1-AS1",3.57716938909705,2.8189862505465,0.855051682585123,3.29686065528076,0.000977719959518763,0.0322526130745599
"LINC01441",7.19871262523997,3.75939484287458,1.14092441191358,3.29504286490745,0.000984066678381277,0.0323014717483496
"PKHD1",28.208665943561,1.82948698552397,0.555152171187693,3.29546938744735,0.000982574081512904,0.0323014717483496
"RNU7-55P",2.43694314429917,4.30153114578641,1.30524683667218,3.29556910228067,0.00098222543629791,0.0323014717483496
"KRT18P40",6.71458681096625,3.13904161462473,0.953464257757079,3.29224885892313,0.00099389621703368,0.0324579852250518
"LINC00683",16.5219864898728,2.4606419733224,0.747617937398534,3.29130943792578,0.000997221543162811,0.0324579852250518
"LINC01127",4.59440978637595,2.33417025625626,0.709027991176458,3.29207067323715,0.000994526161812515,0.0324579852250518
"RPS20P20",2.18614449560957,-4.21639899470965,1.28080171349185,-3.29199980785041,0.000994776796896327,0.0324579852250518
"SELENOP",75.8243981548607,-1.61949307169034,0.492069854906278,-3.29118529725581,0.000997661741183705,0.0324579852250518
"MEAF6P1",3.57836440311024,4.09470549072481,1.24448650679134,3.29027712906442,0.00100088754647161,0.0324921378930973
"RPS6P21",3.18331645022829,3.91901877717431,1.19145922324532,3.28925967478736,0.00100451300213858,0.0325700155943712
"CD44-AS1",3.64193798991573,4.89435628140706,1.48814888680324,3.28888885030909,0.00100583736673904,0.0325731844801894
"DPRXP2",8.57715495861786,2.38693202519499,0.727142149084823,3.28262091284237,0.00102846868564308,0.0331444004214225
"LINC00299",16.4353288895932,3.26306216884987,0.994288190224967,3.2818072274514,0.00103144093227785,0.0331998957050161
"TMBIM7P",4.19103505978867,3.9557404621332,1.20646463587955,3.27878691549821,0.00104254324366195,0.0334356712988444
"REL-DT",9.2657490865927,2.28306342316058,0.69650967486291,3.27786318777258,0.00104596077609822,0.0335048111089122
"CALCRL-AS1",10.1613643657704,2.06099464363749,0.62884607826812,3.27742306879546,0.00104759273582776,0.0335166567468749
"DENND6A-DT",4.04029452745474,3.57077809610418,1.08996008203308,3.27606318338162,0.00105265008446428,0.0336379338061961
"VSIG10L2",12.9789489752857,-1.70573619702899,0.520869913371234,-3.27478349822306,0.00105742979332671,0.0337095416107932
"OR5BD1P",2.1946934497852,4.54550954588353,1.38831080593104,3.27412963038574,0.00105987977653853,0.0337298789096406
"TNRC18P2",4.14573011977605,4.70103504633611,1.4358972645531,3.27393551223127,0.00106060812990209,0.0337298789096406
"LINC01118",3.8503670341101,3.456268572941,1.05638127351677,3.27180030504975,0.00106865028649349,0.0339044305350472
"RPL7L1P3",2.67087183559515,-3.30439206267459,1.00993730196187,-3.27187841884402,0.00106835508321813,0.0339044305350472
"LRRC37A14P",4.62805314589846,4.48345255066819,1.37214647427645,3.26747372435759,0.0010851193870595,0.0343039825278156
"ZNF683",7.98279923417502,3.41053057272349,1.04374633904444,3.26758566247605,0.00108469035356674,0.0343039825278156
"LINC-ROR",9.44819352128751,1.98005243261553,0.606137618333892,3.26667141705898,0.00108819904648735,0.0343604348150672
"ZBTB32",14.5950797173538,-1.94492140566759,0.595736813059302,-3.26473261855312,0.00109567453193387,0.0345143976221874
"LINC01806",6.81398665573733,-3.30550371741363,1.01371488727316,-3.26078245363966,0.00111105247410473,0.0348911026400204
"ATP5F1EP2",3.81807517313785,3.81228539694972,1.16954908880939,3.25961982564635,0.0011156164387584,0.0349081244405989
"RPL10P1",2.91450930173558,4.17097147343663,1.27940230738641,3.26009375577662,0.00111375390928496,0.0349081244405989
"CD40",8.93190688567858,2.28320070259547,0.700631785520872,3.25877408045093,0.0011189473458659,0.0349161536656511
"SH3TC2",30.4315117830819,1.96002782003566,0.601601880922816,3.25801478052082,0.00112194562532419,0.0349686221601924
"DRAIC",46.3282659678248,1.57123105842344,0.482502921751204,3.25641770773282,0.00112827631107185,0.0351055622232771
"KNG1",3.21386624874454,3.53495582334632,1.08662134084709,3.25316252356188,0.00114128201036502,0.0353637617097351
"ZPR1P1",4.69310704014111,3.52091355938535,1.08325437822868,3.25031094279323,0.00115278888642898,0.0356761383776134
"PLAAT5",23.5445900503245,1.66624353369815,0.512832512392851,3.24909886450751,0.00115771233891354,0.0357062150520895
"MT2A",30.2783027000934,2.06248633121253,0.635054260898223,3.24773245091741,0.00116328599939862,0.0357949706999192
"KYNU",16.1024817234857,2.80209821119365,0.863206883763058,3.24614905638635,0.00116977574787345,0.0358699711140639
"HRG",2.62832915203737,4.41864318582286,1.36207116898204,3.24406190105704,0.00117838134589845,0.0360353888195921
"PLSCR4",13.1228413090779,2.85641157843864,0.880751233106325,3.24315365232514,0.00118214440246954,0.036082580008711
"RPL23AP50",3.9972101888061,3.86677764997901,1.19244241783799,3.24273742038616,0.00118387264236767,0.0360938438783851
"MIR3663HG",5.2948779615388,4.31635086615668,1.33130533978931,3.24219451177127,0.001186130365863,0.0361212062677662
"EEF1DP6",2.96436221700661,4.98468182027274,1.53825913673517,3.24046950298136,0.00119333036322779,0.0362573086905195
"ITIH6",3.06895291837168,3.85614073127978,1.18993621020706,3.24062810947554,0.00119266667539422,0.0362573086905195
"LINC01900",7.66318643685252,4.48371516867785,1.38390647822482,3.23989752142013,0.00119572665137722,0.0362885956883682
"TCF23",10.4813856852221,3.23592488794724,0.99914795375542,3.23868439682493,0.00120082369602418,0.0362981184663378
"HOXB-AS4",3.54499421047763,5.23846988291205,1.61977368351174,3.23407518978504,0.00122037322246356,0.0368261487755906
"RPS2P55",18.1225916770725,2.67390529057072,0.82723713757989,3.23233226495769,0.00122784196454473,0.0369675094880786
"CFAP299",7.63378965754292,1.85946033247045,0.575371902892159,3.23175379806297,0.00123033011344193,0.0370004713051533
"CCDC144NL",17.2086462977134,-1.6881246440181,0.522503329483991,-3.23083997509688,0.00123427021324048,0.0370350796752553
"TBC1D3P5",3.49967116988024,3.31200732377195,1.02506985255928,3.23100646800107,0.00123355148436827,0.0370350796752553
"NRG1-IT3",6.03997824488069,3.09645286126272,0.958798100771072,3.22951501340327,0.00124000370566233,0.0371022146361338
"RPS8P4",3.25141426864935,4.33616360917676,1.34307879718288,3.22852510088902,0.00124430338452711,0.0371681399056439
"OR51L1",9.51714542652978,3.51873753901968,1.09040000472123,3.22701533729292,0.00125088755007435,0.0372809415176479
"CLEC4M",23.0290198571548,2.0922576513046,0.648828470367338,3.2246699194936,0.00126117988362624,0.0374615568341105
"RPL23AP11",3.12846848310212,4.66856352279282,1.44769554689857,3.22482412327259,0.00126050080139436,0.0374615568341105
"LINC01582",2.72154596870205,3.66904884759947,1.13798748994755,3.22415569591946,0.00126344686218537,0.0374869624864052
"RNVU1-8",3.33875719122803,3.99312487175427,1.23875790091903,3.22349094104003,0.00126638304036344,0.0375321446839856
"OR6C72P",2.26277616592914,3.79508025323251,1.17761541765905,3.22268220704571,0.00126996365841746,0.0375544375827122
"CCDC188",26.8940699109699,-1.62262570203809,0.503626641051859,-3.2218821836929,0.00127351490446971,0.0376175620558322
"CALML3-AS1",4.71445463492974,4.13696695855583,1.28476457567607,3.22001947818252,0.00128181886987415,0.0377369180593216
"DNAAF11P1",2.28225637945018,4.60128965043183,1.42891357679038,3.22013152171682,0.00128131796895594,0.0377369180593216
"SIRLNT",4.10190506505351,4.29874543171108,1.33477760697198,3.22057053493955,0.00127935706046331,0.0377369180593216
"SNORD42",3.55057659006593,4.46564420808204,1.38864222433507,3.21583495721538,0.00130065609921301,0.0381313608683042
"MPHOSPH10P9",2.41471559087897,4.2891562154665,1.33439698323027,3.2143029918154,0.00130761611727946,0.0382841741944389
"BOLA2P1",2.88446846603018,4.94286048388367,1.53886368305835,3.2120197118826,0.00131805331356695,0.0385001304233082
"DEFB118",2.27515498283956,4.59983992545946,1.43198442555826,3.21221365495382,0.00131716379372326,0.0385001304233082
"EREG",3.22943432748186,4.32957942371909,1.34818079422482,3.21142345467731,0.00132079152007659,0.0385001304233082
"KATNBL1P4",2.86777432946117,4.93482206158948,1.53650859117708,3.21171133694022,0.00131946881664319,0.0385001304233082
"MARCHF10-DT",3.84571028543041,4.59016064436158,1.42984371769173,3.21025339172851,0.00132618009155082,0.0385725217208456
"OVAAL",5.40146165566288,5.09322733451472,1.58652595661107,3.21030192622516,0.00132595616963084,0.0385725217208456
"ECEL1P2",2.13530929992404,-4.58531797771458,1.4286977370399,-3.20943881888889,0.00132994346875683,0.038639659532645
"TNFRSF11A",17.6651844399765,1.81020791055461,0.564366681551006,3.20750315305601,0.00133892592806965,0.0388581180545241
"CD3E",4.38849343519073,4.78524939109616,1.49336751600062,3.20433472659933,0.0013537498876382,0.0390873457683869
"NPSR1-AS1",10.5543618939277,3.06400369504736,0.956079678311141,3.20475768343884,0.00135176230197825,0.0390873457683869
"SNX19P1",4.31757588293442,3.99905540089048,1.24805020705268,3.20424240811145,0.00135418407482267,0.0390873457683869
"ANKRD20A9P",4.02154218847447,3.87820018031982,1.21120096569441,3.20194607679853,0.00136502547728322,0.0392904634149089
"KPNA7",4.40799511016399,4.41073396394833,1.37757421427716,3.20181222778095,0.00136565986563588,0.0392904634149089
"DUXAP8",13.7428893910197,3.11508071550581,0.973226986301726,3.20077511140864,0.00137058458802053,0.0393894737390532
"OR5T1",2.28245186675142,4.60153972061365,1.43820840719967,3.19949438313554,0.00137668869754596,0.03952212796036
"SERPIND1",5.43665244936174,-2.65691075331721,0.830635775151451,-3.1986471481231,0.00138074049323335,0.0395956412503366
"BBS7-DT",7.11928278521961,2.51132022380216,0.78573574964421,3.19613842814116,0.00139280271837162,0.0398554700284034
"LINC01405",7.29584093790962,3.4297935497459,1.07365365962377,3.19450645839344,0.00140070151094995,0.0400383515858728
"C1QA",2.14617921933833,4.51862177380974,1.41806738452712,3.18646477812939,0.00144023022986926,0.0409327823672296
"HSPD1P12",3.03573092371737,5.01973612778838,1.57532971907633,3.18646697704125,0.00144021928200754,0.0409327823672296
"PKN2-AS1",11.2674621825844,2.14266171110591,0.67230135121115,3.18705548820616,0.00143729198023809,0.0409327823672296
"LINC02123",1.71936602357701,4.19470242935185,1.31761385641557,3.18355974242947,0.00145476089527855,0.0411846221472514
"M1AP",14.6236269090451,1.68466981075521,0.529149713042858,3.18372999026603,0.00145390562130254,0.0411846221472514
"BANCR",3.22361734404912,3.54246935127048,1.11361037216471,3.18106713067373,0.0014673362376703,0.0413809848431291
"LINC00964",12.4258082681126,2.26003110987992,0.710485120887893,3.18096895126468,0.00146783360186859,0.0413809848431291
"NRK",66.2674099267203,2.01957378429901,0.634896449919628,3.18094987703061,0.00146793024749492,0.0413809848431291
"OR4E2",7.28594993752727,3.41414737031327,1.07328251600114,3.18103325025155,0.00146750785395819,0.0413809848431291
"LINC01549",2.94173040790474,4.97016283746488,1.56353608708927,3.1787963696556,0.00147887945409351,0.041601317694336
"PPIAP72",10.7784232419835,1.90699874271047,0.601160271164188,3.17219689021937,0.0015129039849402,0.0424236170222672
"LINC02068",3.83239808795744,3.82763812916758,1.20692552285738,3.17139546449038,0.00151708458878767,0.0424959717882452
"TMPRSS11E",2.20676473454105,4.15309789015174,1.30979070177687,3.17081033215278,0.00152014362535908,0.0425367902754589
"LINC02185",6.41798983669039,4.62042845468582,1.45821586237779,3.16854902891515,0.00153201906671668,0.0426891566806522
"ADH7",4.55623684755336,2.99389644217417,0.94519755851056,3.1674822001148,0.00153765122880241,0.0427513959479267
"MTND2P8",5.45371308826749,4.34445229692012,1.37163253655446,3.16735873576854,0.00153830426995093,0.0427513959479267
"SPDYE17",8.68202789702216,2.07751401538222,0.655944164292481,3.16721167513257,0.00153908245250303,0.0427513959479267
"HOTTIP",3.22288066929374,4.71700488995761,1.48975635771002,3.16629284080275,0.00154395274924145,0.0427525185152311
"TNNT2",24.4436168151067,5.25451284447758,1.65920144454156,3.16689264089292,0.00154077189304051,0.0427525185152311
"HYI-AS1",15.0952685595422,-1.94335625492208,0.613925619933536,-3.16545879797697,0.00154838589221734,0.0428193536938988
"LINC02402",3.1018565888453,3.87287886671402,1.22356857249188,3.16523238156293,0.00154959137261671,0.0428193536938988
"SRPX2",40.2371758692193,2.34607589273774,0.74153499251426,3.16381009179769,0.00155718367918607,0.0429844205829377
"MIR548A1HG",42.0468238592553,-1.76421739692648,0.557691094965143,-3.16343117696142,0.00155921213012103,0.0429957197459647
"PCMTD1P3",2.17696022759893,4.5376419532378,1.43489091195945,3.16236022921164,0.00156495841619647,0.0431094094835034
"FABP6-AS1",7.50351895260526,2.13694563613379,0.676079154027845,3.16079208093107,0.00157340767261788,0.0432524231328859
"LINC02413",2.03350181540207,4.44054514696301,1.40549678173366,3.15941324425207,0.00158087158986507,0.0433678151537883
"MDS2",4.83675171679559,3.32163045285994,1.05238168926899,3.15629822024672,0.00159785399811649,0.0436533054732339
"MALL",2.01735311660331,4.42993562079233,1.40367356958478,3.15595856243324,0.00159971585471103,0.0436592543903921
"BOLA3P2",2.02099258914677,4.42899797032972,1.40371825141791,3.1551901286857,0.00160393544692554,0.0437294720668458
"AKR1B10",5.20851213937582,3.232095339012,1.02456760177405,3.1545945171559,0.00160721309021228,0.0437382188692839
"CCL16",6.98473041353788,4.16082258961938,1.31962170196896,3.15304195392601,0.00161578582981614,0.0437382188692839
"FHAD1-AS1",4.31405491655797,4.00133440803128,1.26869281621167,3.15390325924546,0.00161102480360572,0.0437382188692839
"RN7SL791P",6.75931533708986,3.84341940845063,1.21931507723014,3.15211341204894,0.0016209330223474,0.0438328680330296
"MYZAP",4.66520112760826,3.25173448869166,1.03224510614407,3.15015733117733,0.00163182559556704,0.0440377324088239
"RNU1-80P",2.12873504118618,4.10580476972616,1.30581178493484,3.14425464457807,0.00166510476610415,0.0446184228697231
"S1PR1-DT",15.5413265906435,2.65909828782146,0.845922161324572,3.14343140467884,0.00166979546724498,0.0446990107184379
"IGLV3-12",6.30051131830438,4.27308541555032,1.3598479827224,3.14232581129815,0.00167611410470503,0.044702996616353
"RNA5SP447",2.21807081531144,4.17071318141198,1.32720670647136,3.1424744623998,0.00167526326258803,0.044702996616353
"USP6NL-AS1",2.89319476179059,4.16128373266773,1.32409180353329,3.14274563256377,0.00167371217515529,0.044702996616353
"LINC01333",4.29203541944407,2.89813913987119,0.922478405337111,3.14168778705675,0.00167977051441848,0.0447173800641433
"MRPS21P8",5.24298287452822,4.28716629309701,1.3647951924984,3.14125248730464,0.00168226935357105,0.0447173800641433
"ZNF492",8.21667672955823,6.4548675228357,2.05481584471575,3.14133626107435,0.00168178818450154,0.0447173800641433
"OR7E53P",2.83792675078669,4.91911385254732,1.56708424559127,3.13902323144811,0.00169512008469145,0.0448792760209187
"HERC2P4",8.63108294701374,3.64565300384098,1.16159744335464,3.13848228979611,0.00169825197179083,0.0449174114650452
"SLC26A4-AS1",11.0819366682112,2.39295298687456,0.762736996980712,3.13732386962615,0.00170497678202117,0.0449609319231104
"SAMMSON",25.2708306605111,2.49513937115271,0.795623551049549,3.13608033329486,0.00171222295641653,0.0451072228250407
"ADRB1",6.98374618330063,2.36362169796081,0.753832227876072,3.13547446043841,0.0017157636725254,0.0451557029969396
"AGAP10P",35.4011244795277,1.54426041050606,0.49269750252812,3.13429721600409,0.00172266274038167,0.0452923852186488
"ADAMTS7P4",7.03783690425394,2.16781824944366,0.691980484897146,3.13277367896564,0.00173162907718494,0.0454830960876815
"LAX1",3.46635344132683,4.43101141157243,1.41523186912271,3.13094377553778,0.00174245516549321,0.0456770946887189
"BCL2L14",15.6590919056119,1.7918454432708,0.572759322137751,3.12844396243603,0.00175734517267988,0.0459635373949349
"BNIP3P31",2.92879325087324,4.96425106109534,1.58798291268855,3.12613632138557,0.00177119426745225,0.0462478503168087
"MAP4K1-AS1",5.80643290317821,3.37793243446474,1.08107193191868,3.12461394541029,0.00178038551949578,0.0463966020316099
"TTLL10",4.22882679009979,-3.34916379101644,1.0722690927904,-3.12343591131661,0.00178752789613171,0.0464914821564911
"ANXA2R",13.4149100197993,1.57729166707977,0.505133088991243,3.12252691707376,0.00179305708569838,0.0465896584253626
"ANAPC1P1",8.61649120988784,2.35802184937955,0.756053573490016,3.11885550450439,0.00181554973373891,0.0466128207790258
"HTN1",5.07174485510867,3.66320423962443,1.17456130570097,3.11878504923015,0.00181598389761995,0.0466128207790258
"ITGAD",5.32260674780092,3.710306918156,1.18914327819091,3.1201512771452,0.00180758183361498,0.0466128207790258
"LDHAL6EP",2.28523281060751,4.21407936596429,1.35043774584185,3.12052842046211,0.00180526876839659,0.0466128207790258
"LINC01934",19.617348860778,1.51466575747594,0.485409195302748,3.12038950257472,0.00180612045181955,0.0466128207790258
"PRKCH-AS1",11.840951035159,2.39916734329242,0.769104879838962,3.11942806005179,0.00181202503208897,0.0466128207790258
"SMIM36",3.15240139630719,4.68079408010725,1.49953558491291,3.12149583324433,0.00179934794270865,0.0466128207790258
"TTC39A-AS1",4.15668577015003,2.46924794375654,0.79166817823521,3.11904407887279,0.00181438815830638,0.0466128207790258
"YY1P1",5.92452840907264,3.64375936366954,1.16727414583928,3.12159690733973,0.00179873037301598,0.0466128207790258
"LINC00393",5.45817403145319,3.77707460388141,1.21129794951007,3.11820440661121,0.00181956560475381,0.046614869166696
"LINC02233",5.69195821279034,3.59466791407157,1.15373840941587,3.11566979545348,0.00183527655675966,0.0469064186378757
"CYLC2",6.76639684482527,4.30796846760834,1.3828580928201,3.11526431379736,0.00183780149564248,0.0469257872276788
"LINC00974",2.03563819207417,4.44177264083216,1.42667380059228,3.1133764697916,0.00184959919929704,0.0471816587294265
"RPS18P1",3.92452882305839,4.61817730448497,1.48367095749481,3.112669477795,0.00185403528396685,0.047249430869232
"FAM83A-AS1",4.47662613323165,3.42366133028555,1.10064946307058,3.11058283782219,0.00186718515475085,0.0474933925138014
"ITLN1",2.21469859345198,3.7587542351153,1.20919373434883,3.10847974839984,0.00188052533443154,0.0476956544945841
"LINC01470",7.28381571805208,2.62790009354986,0.845330919054741,3.10872350024581,0.00187897471059913,0.0476956544945841
"NCKAP1L",21.2071043531841,1.85212186483295,0.59574836437802,3.10889962201846,0.00187785504547629,0.0476956544945841
"AQP7",6.9440084741721,3.85000034323079,1.23965895440165,3.10569316630241,0.00189833585613685,0.0478829526757773
"CCL20",2.61662298269673,4.80285587967422,1.54610921335061,3.10641437112056,0.00189371145444001,0.0478829526757773
"OR10H1",8.59846281404894,5.77654603577797,1.86001549049896,3.10564404720543,0.0018986511871995,0.0478829526757773
"MOBP",11.0735392408552,1.95503528219036,0.629647142336013,3.10496967386704,0.00190298534509454,0.0479447588605176
"L3MBTL4-AS1",3.09118765008776,4.26043950695471,1.37244943488527,3.10425972619594,0.00190755795380383,0.0480144089699153
"CA6",3.94176616996245,5.00878134559361,1.61401347712485,3.1033082539782,0.00191370199027809,0.0480228025510873
"DEFB109A",2.60473234714069,-4.47975350702019,1.44403322215497,-3.10225099969302,0.001920550416466,0.0480228025510873
"HCLS1",23.2877546428212,1.53895974828523,0.496051475123064,3.1024194573828,0.00191945771685515,0.0480228025510873
"OR2V2",4.48657312036399,4.0784350744323,1.31461159113442,3.1023878854688,0.00191966246436982,0.0480228025510873
"LINC02071",6.45364082300132,4.60686020993966,1.48686133964092,3.09837917438368,0.00194582295917865,0.0483813938960571
"MTCO1P42",1.87351510786367,-4.3965624742462,1.41893405979459,-3.09849668058758,0.00194505149035006,0.0483813938960571
"LINC01500",6.9029455624108,2.15990860375472,0.69737094224368,3.0972162344556,0.0019534732244379,0.048390374510213
"CTAGE1",2.66871405647181,4.83154471113584,1.56104496315187,3.09507081806316,0.00196765910099931,0.048641969653479
"LINC02397",8.25279283622925,3.06296749772328,0.989698234974068,3.09484991433125,0.00196912511306684,0.048641969653479
"HSH2D",6.64998338500368,2.60248348804961,0.841081792499181,3.09420975612445,0.00197337914271896,0.0487017501253737
"RN7SL790P",3.1699734323284,3.91025950213485,1.26397205860402,3.09362811900564,0.00197725159634544,0.0487520112729371
"RN7SL229P",2.68059023143499,4.83900781217789,1.56487660815361,3.09226157958066,0.00198637727481497,0.0488862358968596
"LINC01899",2.62949784996129,-4.88880152325725,1.5813581731149,-3.09152069807656,0.00199134098823964,0.0489177242763217
"ABI1P1",6.81102168571247,2.48000974331055,0.80229263654113,3.09115356461758,0.00199380490311066,0.048932984475142
"MIR6512",1.65783137548932,-3.80888707156369,1.23270847391569,-3.08985226609563,0.00200256076165065,0.0490571965181117
"LACTB2-AS1",20.060214854815,1.76586899091587,0.571733603176305,3.08862201050535,0.00201087104214027,0.0492153737548707
"TMEM212",9.83972905911474,3.60763179361899,1.16852549232857,3.08733683373045,0.00201958610014733,0.0493831573567333
"IGLV3-21",2.81559928402756,4.12085656837538,1.33569981339464,3.08516668719325,0.00203438104160066,0.0496534821320823
"HEMGN",3.82599294414256,5.35034895101355,1.73500458385894,3.08376646424385,0.00204397975498488,0.04984194893813
"SINHCAFP3",2.19478112119381,4.55160014340325,1.47653776443528,3.08261681687773,0.00205189178434976,0.0498974233822417
"TUBB8",6.9000701962268,-3.01210917193309,0.977063518676093,-3.0828181733921,0.00205050399494552,0.0498974233822417
"TMEM108-AS1",9.74326790122921,1.906875150002,0.618734539508172,3.08189543049878,0.00205687080050608,0.0499727393480685
